Date,Ticker,Action,Price
2019-04-18,DOCU,Buy,52.790000915527344
2019-04-18,TBIO,Buy,9.989999771118164
2019-04-18,AVGR,Sell,5.880000114440918
2019-04-18,GNLN,Sell,21.100000381469727
2019-04-22,GNLN,Sell,19.489999771118164
2019-04-22,CMLS,Sell,17.989999771118164
2019-04-22,SAVA,Sell,1.100000023841858
2019-04-22,TSLA,Buy,262.75
2019-04-22,AVGR,Buy,5.409999847412109
2019-04-22,TBIO,Buy,9.880000114440918
2019-04-22,ROKU,Buy,58.20000076293945
2019-04-22,PDD,Buy,24.0
2019-04-22,DOCU,Sell,54.130001068115234
2019-04-23,TSLA,Buy,263.8999938964844
2019-04-23,SAVA,Buy,1.149999976158142
2019-04-23,ROKU,Buy,61.52999877929688
2019-04-23,TBIO,Buy,9.75
2019-04-23,DOCU,Buy,55.2400016784668
2019-04-23,CMLS,Sell,16.979999542236328
2019-04-23,PDD,Sell,24.43000030517578
2019-04-23,AVGR,Sell,5.519999980926514
2019-04-23,GNLN,Sell,20.700000762939453
2019-04-24,TBIO,Sell,9.399999618530272
2019-04-24,DOCU,Sell,55.84000015258789
2019-04-24,GNLN,Sell,19.850000381469727
2019-04-24,CMLS,Sell,17.520000457763672
2019-04-24,PDD,Sell,23.940000534057617
2019-04-24,TSLA,Buy,258.6600036621094
2019-04-24,ROKU,Buy,60.970001220703125
2019-04-24,AVGR,Buy,6.699999809265137
2019-04-24,SAVA,Buy,1.1299999952316284
2019-04-25,GNLN,Buy,19.049999237060547
2019-04-25,ROKU,Sell,61.040000915527344
2019-04-25,AVGR,Sell,6.369999885559082
2019-04-25,TBIO,Sell,9.260000228881836
2019-04-25,DOCU,Sell,57.0099983215332
2019-04-25,PDD,Sell,23.06999969482422
2019-04-25,TSLA,Buy,247.6300048828125
2019-04-25,CMLS,Buy,17.639999389648438
2019-04-25,SAVA,Buy,1.1299999952316284
2019-04-26,TBIO,Buy,9.9399995803833
2019-04-26,PDD,Buy,21.920000076293945
2019-04-26,CMLS,Sell,18.0
2019-04-26,DOCU,Sell,57.2599983215332
2019-04-26,ROKU,Sell,63.43999862670898
2019-04-26,AVGR,Sell,5.920000076293945
2019-04-26,GNLN,Sell,18.049999237060547
2019-04-26,SAVA,Sell,1.1299999952316284
2019-04-26,TSLA,Buy,235.13999938964844
2019-04-29,TBIO,Buy,9.9399995803833
2019-04-29,DOCU,Buy,57.65999984741211
2019-04-29,AVGR,Buy,6.309999942779541
2019-04-29,CMLS,Buy,18.299999237060547
2019-04-29,SAVA,Sell,1.1200000047683716
2019-04-29,GNLN,Sell,17.489999771118164
2019-04-29,PDD,Sell,22.280000686645508
2019-04-29,ROKU,Sell,63.27999877929688
2019-04-29,TSLA,Buy,241.47000122070312
2019-04-30,ROKU,Buy,63.59000015258789
2019-04-30,CMLS,Buy,18.1200008392334
2019-04-30,GNLN,Buy,17.0
2019-04-30,DOCU,Buy,56.66999816894531
2019-04-30,PDD,Sell,22.229999542236328
2019-04-30,TBIO,Sell,9.699999809265137
2019-04-30,AVGR,Sell,6.079999923706055
2019-04-30,TSLA,Buy,238.69000244140625
2019-04-30,SAVA,Buy,1.100000023841858
2019-05-01,TSLA,Buy,234.00999450683597
2019-05-01,SAVA,Buy,1.090000033378601
2019-05-01,ROKU,Buy,63.68999862670898
2019-05-01,AVGR,Buy,5.840000152587891
2019-05-01,CMLS,Buy,17.729999542236328
2019-05-01,DOCU,Sell,55.81999969482422
2019-05-01,TBIO,Sell,9.369999885559082
2019-05-01,PDD,Sell,23.299999237060547
2019-05-01,GNLN,Sell,14.84000015258789
2019-05-02,TSLA,Buy,244.1000061035156
2019-05-02,DOCU,Buy,54.88999938964844
2019-05-02,TBIO,Buy,9.350000381469728
2019-05-02,SAVA,Buy,1.0700000524520874
2019-05-02,AVGR,Buy,5.800000190734863
2019-05-02,PDD,Sell,23.1299991607666
2019-05-02,CMLS,Sell,17.440000534057617
2019-05-02,GNLN,Sell,13.34000015258789
2019-05-02,ROKU,Sell,64.38999938964844
2019-05-03,TSLA,Buy,255.02999877929688
2019-05-03,TBIO,Buy,9.359999656677246
2019-05-03,GNLN,Buy,14.229999542236328
2019-05-03,SAVA,Buy,1.0700000524520874
2019-05-03,AVGR,Buy,6.400000095367432
2019-05-03,DOCU,Sell,56.459999084472656
2019-05-03,CMLS,Sell,17.6200008392334
2019-05-03,PDD,Sell,23.959999084472656
2019-05-03,ROKU,Sell,65.0199966430664
2019-05-06,DOCU,Sell,55.88999938964844
2019-05-06,GNLN,Sell,15.529999732971191
2019-05-06,TSLA,Buy,255.33999633789065
2019-05-06,SAVA,Buy,1.100000023841858
2019-05-06,TBIO,Buy,9.3100004196167
2019-05-06,ROKU,Buy,65.75
2019-05-06,PDD,Buy,23.739999771118164
2019-05-06,AVGR,Sell,7.199999809265137
2019-05-06,CMLS,Sell,17.899999618530273
2019-05-07,DOCU,Sell,53.22999954223633
2019-05-07,TSLA,Buy,247.05999755859372
2019-05-07,SAVA,Buy,1.059999942779541
2019-05-07,GNLN,Buy,16.190000534057617
2019-05-07,TBIO,Buy,9.130000114440918
2019-05-07,CMLS,Buy,17.450000762939453
2019-05-07,AVGR,Sell,6.679999828338623
2019-05-07,PDD,Sell,22.81999969482422
2019-05-07,ROKU,Sell,64.41000366210938
2019-05-08,GNLN,Sell,16.5
2019-05-08,AVGR,Sell,6.960000038146973
2019-05-08,ROKU,Sell,64.91999816894531
2019-05-08,TBIO,Sell,9.329999923706056
2019-05-08,TSLA,Buy,244.83999633789065
2019-05-08,PDD,Buy,23.190000534057617
2019-05-08,DOCU,Buy,53.59000015258789
2019-05-08,SAVA,Buy,1.059999942779541
2019-05-08,CMLS,Buy,17.170000076293945
2019-05-09,SAVA,Sell,1.090000033378601
2019-05-09,DOCU,Sell,53.5
2019-05-09,AVGR,Sell,6.0
2019-05-09,GNLN,Sell,17.270000457763672
2019-05-09,TBIO,Sell,9.270000457763672
2019-05-09,CMLS,Sell,17.0
2019-05-09,ROKU,Sell,83.16999816894531
2019-05-09,PDD,Sell,23.1299991607666
2019-05-09,TSLA,Buy,241.97999572753903
2019-05-10,GNLN,Buy,16.25
2019-05-10,TBIO,Buy,9.539999961853027
2019-05-10,ROKU,Buy,82.75
2019-05-10,SAVA,Buy,1.1200000047683716
2019-05-10,TSLA,Buy,239.5200042724609
2019-05-10,AVGR,Buy,5.809999942779541
2019-05-10,PDD,Buy,22.399999618530277
2019-05-10,DOCU,Buy,53.04999923706055
2019-05-10,CMLS,Buy,17.0
2019-05-13,TSLA,Buy,227.00999450683597
2019-05-13,DOCU,Buy,50.41999816894531
2019-05-13,TBIO,Buy,9.279999732971191
2019-05-13,GNLN,Buy,15.539999961853027
2019-05-13,ROKU,Buy,79.44999694824219
2019-05-13,PDD,Sell,20.75
2019-05-13,SAVA,Sell,1.0700000524520874
2019-05-13,AVGR,Sell,5.239999771118164
2019-05-13,CMLS,Sell,16.950000762939453
2019-05-14,TSLA,Sell,232.30999755859372
2019-05-14,GNLN,Sell,16.31999969482422
2019-05-14,TBIO,Buy,10.270000457763672
2019-05-14,PDD,Buy,22.149999618530277
2019-05-14,DOCU,Buy,52.540000915527344
2019-05-14,ROKU,Sell,82.83000183105469
2019-05-14,CMLS,Sell,17.469999313354492
2019-05-14,AVGR,Sell,5.110000133514404
2019-05-14,SAVA,Sell,1.059999942779541
2019-05-15,ROKU,Sell,83.33999633789062
2019-05-15,PDD,Sell,22.030000686645508
2019-05-15,DOCU,Sell,53.66999816894531
2019-05-15,AVGR,Sell,5.119999885559082
2019-05-15,CMLS,Sell,17.790000915527344
2019-05-15,TSLA,Buy,231.9499969482422
2019-05-15,TBIO,Buy,10.420000076293944
2019-05-15,GNLN,Buy,16.610000610351562
2019-05-15,SAVA,Buy,1.0700000524520874
2019-05-16,ROKU,Buy,83.27999877929688
2019-05-16,DOCU,Sell,54.7400016784668
2019-05-16,AVGR,Sell,4.900000095367432
2019-05-16,GNLN,Sell,16.0
2019-05-16,CMLS,Sell,18.38999938964844
2019-05-16,TBIO,Sell,10.550000190734863
2019-05-16,PDD,Sell,22.86000061035156
2019-05-16,TSLA,Buy,228.3300018310547
2019-05-16,SAVA,Buy,1.0700000524520874
2019-05-17,TBIO,Buy,10.020000457763672
2019-05-17,PDD,Buy,22.700000762939453
2019-05-17,DOCU,Buy,53.59000015258789
2019-05-17,ROKU,Sell,84.02999877929688
2019-05-17,SAVA,Sell,1.090000033378601
2019-05-17,TSLA,Buy,211.02999877929688
2019-05-17,CMLS,Buy,18.3799991607666
2019-05-17,AVGR,Buy,4.929999828338623
2019-05-17,GNLN,Buy,15.529999732971191
2019-05-20,GNLN,Buy,15.800000190734863
2019-05-20,ROKU,Sell,83.33000183105469
2019-05-20,SAVA,Sell,1.0199999809265137
2019-05-20,TSLA,Buy,205.3600006103516
2019-05-20,DOCU,Buy,53.16999816894531
2019-05-20,TBIO,Buy,8.869999885559082
2019-05-20,CMLS,Buy,18.489999771118164
2019-05-20,PDD,Buy,20.780000686645508
2019-05-20,AVGR,Sell,5.010000228881836
2019-05-21,SAVA,Sell,1.0399999618530271
2019-05-21,ROKU,Sell,87.62999725341797
2019-05-21,CMLS,Sell,18.600000381469727
2019-05-21,TBIO,Sell,9.399999618530272
2019-05-21,AVGR,Sell,4.75
2019-05-21,PDD,Sell,21.520000457763672
2019-05-21,DOCU,Sell,54.7599983215332
2019-05-21,TSLA,Buy,205.0800018310547
2019-05-21,GNLN,Buy,15.649999618530272
2019-05-22,CMLS,Buy,17.709999084472656
2019-05-22,PDD,Buy,20.459999084472656
2019-05-22,DOCU,Buy,54.77999877929688
2019-05-22,TBIO,Sell,9.039999961853027
2019-05-22,ROKU,Sell,88.0199966430664
2019-05-22,GNLN,Buy,15.739999771118164
2019-05-22,SAVA,Sell,1.059999942779541
2019-05-22,AVGR,Sell,4.699999809265137
2019-05-22,TSLA,Buy,192.72999572753903
2019-05-23,DOCU,Buy,53.209999084472656
2019-05-23,TSLA,Buy,195.4900054931641
2019-05-23,CMLS,Buy,17.239999771118164
2019-05-23,TBIO,Buy,9.220000267028809
2019-05-23,AVGR,Buy,4.699999809265137
2019-05-23,GNLN,Sell,15.170000076293944
2019-05-23,ROKU,Sell,89.9800033569336
2019-05-23,PDD,Sell,20.530000686645508
2019-05-23,SAVA,Sell,1.0700000524520874
2019-05-24,AVGR,Sell,4.550000190734863
2019-05-24,GNLN,Sell,15.210000038146973
2019-05-24,PDD,Sell,20.280000686645508
2019-05-24,DOCU,Sell,54.09999847412109
2019-05-24,TBIO,Sell,9.199999809265137
2019-05-24,CMLS,Sell,17.25
2019-05-24,TSLA,Buy,190.6300048828125
2019-05-24,SAVA,Buy,1.1100000143051147
2019-05-24,ROKU,Buy,95.77999877929688
2019-05-28,CMLS,Buy,16.75
2019-05-28,TBIO,Buy,9.960000038146973
2019-05-28,PDD,Sell,20.229999542236328
2019-05-28,SAVA,Sell,1.1399999856948853
2019-05-28,GNLN,Sell,15.380000114440918
2019-05-28,ROKU,Sell,88.83000183105469
2019-05-28,TSLA,Buy,188.6999969482422
2019-05-28,AVGR,Buy,4.599999904632568
2019-05-28,DOCU,Buy,54.470001220703125
2019-05-29,GNLN,Buy,15.18000030517578
2019-05-29,ROKU,Buy,91.8000030517578
2019-05-29,CMLS,Sell,16.15999984741211
2019-05-29,PDD,Sell,19.979999542236328
2019-05-29,AVGR,Sell,4.639999866485596
2019-05-29,SAVA,Sell,1.149999976158142
2019-05-29,TBIO,Sell,10.149999618530272
2019-05-29,TSLA,Sell,189.8600006103516
2019-05-29,DOCU,Buy,54.380001068115234
2019-05-30,AVGR,Buy,4.900000095367432
2019-05-30,ROKU,Buy,93.33999633789062
2019-05-30,TBIO,Buy,10.989999771118164
2019-05-30,GNLN,Sell,15.149999618530272
2019-05-30,PDD,Sell,19.649999618530277
2019-05-30,DOCU,Sell,55.47999954223633
2019-05-30,SAVA,Sell,1.1200000047683716
2019-05-30,CMLS,Sell,16.459999084472656
2019-05-30,TSLA,Buy,188.22000122070312
2019-05-31,SAVA,Buy,1.100000023841858
2019-05-31,GNLN,Buy,15.239999771118164
2019-05-31,TBIO,Buy,10.479999542236328
2019-05-31,ROKU,Buy,90.4000015258789
2019-05-31,CMLS,Sell,16.0
2019-05-31,DOCU,Sell,56.060001373291016
2019-05-31,PDD,Sell,19.420000076293945
2019-05-31,TSLA,Buy,185.16000366210935
2019-05-31,AVGR,Buy,5.150000095367432
2019-06-03,SAVA,Buy,1.1200000047683716
2019-06-03,ROKU,Buy,89.70999908447266
2019-06-03,CMLS,Buy,15.800000190734863
2019-06-03,PDD,Sell,19.030000686645508
2019-06-03,GNLN,Sell,15.579999923706056
2019-06-03,AVGR,Sell,5.289999961853027
2019-06-03,TSLA,Sell,178.97000122070312
2019-06-03,TBIO,Sell,9.510000228881836
2019-06-03,DOCU,Buy,50.56999969482422
2019-06-04,TSLA,Buy,193.6000061035156
2019-06-04,CMLS,Buy,15.800000190734863
2019-06-04,TBIO,Buy,9.289999961853027
2019-06-04,GNLN,Buy,15.75
2019-06-04,ROKU,Buy,93.5999984741211
2019-06-04,PDD,Sell,19.280000686645508
2019-06-04,AVGR,Sell,5.25
2019-06-04,SAVA,Sell,1.1200000047683716
2019-06-04,DOCU,Sell,52.93999862670898
2019-06-05,AVGR,Sell,5.03000020980835
2019-06-05,CMLS,Sell,15.449999809265137
2019-06-05,SAVA,Sell,1.059999942779541
2019-06-05,TBIO,Sell,9.34000015258789
2019-06-05,TSLA,Sell,196.58999633789065
2019-06-05,DOCU,Buy,53.31999969482422
2019-06-05,PDD,Buy,19.1299991607666
2019-06-05,GNLN,Buy,15.270000457763672
2019-06-05,ROKU,Buy,101.70999908447266
2019-06-06,CMLS,Sell,16.3700008392334
2019-06-06,TSLA,Buy,205.9499969482422
2019-06-06,DOCU,Buy,54.7400016784668
2019-06-06,TBIO,Buy,9.300000190734863
2019-06-06,AVGR,Buy,4.940000057220459
2019-06-06,ROKU,Buy,100.25
2019-06-06,GNLN,Sell,15.079999923706056
2019-06-06,SAVA,Sell,1.0700000524520874
2019-06-06,PDD,Sell,19.3700008392334
2019-06-07,SAVA,Sell,1.0700000524520874
2019-06-07,AVGR,Sell,4.900000095367432
2019-06-07,TBIO,Sell,9.789999961853027
2019-06-07,PDD,Sell,19.780000686645508
2019-06-07,DOCU,Sell,48.15999984741211
2019-06-07,TSLA,Buy,204.5
2019-06-07,GNLN,Buy,15.550000190734863
2019-06-07,CMLS,Buy,16.309999465942383
2019-06-07,ROKU,Buy,101.87000274658205
2019-06-10,SAVA,Buy,1.1100000143051147
2019-06-10,PDD,Sell,20.200000762939453
2019-06-10,TBIO,Sell,10.09000015258789
2019-06-10,DOCU,Buy,48.310001373291016
2019-06-10,TSLA,Buy,212.8800048828125
2019-06-10,CMLS,Buy,16.420000076293945
2019-06-10,AVGR,Buy,4.980000019073486
2019-06-10,GNLN,Buy,15.010000228881836
2019-06-10,ROKU,Buy,100.61000061035156
2019-06-11,TSLA,Buy,217.1000061035156
2019-06-11,AVGR,Buy,4.829999923706055
2019-06-11,DOCU,Buy,47.900001525878906
2019-06-11,PDD,Buy,20.049999237060547
2019-06-11,TBIO,Buy,10.050000190734863
2019-06-11,GNLN,Sell,15.020000457763672
2019-06-11,CMLS,Sell,16.700000762939453
2019-06-11,ROKU,Sell,100.1999969482422
2019-06-11,SAVA,Sell,1.090000033378601
2019-06-12,TBIO,Sell,10.100000381469728
2019-06-12,ROKU,Sell,104.86000061035156
2019-06-12,CMLS,Sell,17.5
2019-06-12,SAVA,Sell,1.1200000047683716
2019-06-12,TSLA,Buy,209.25999450683597
2019-06-12,PDD,Buy,20.40999984741211
2019-06-12,GNLN,Buy,14.5
2019-06-12,DOCU,Buy,48.08000183105469
2019-06-12,AVGR,Buy,4.489999771118164
2019-06-13,DOCU,Sell,48.27999877929688
2019-06-13,TSLA,Buy,213.91000366210935
2019-06-13,TBIO,Buy,10.079999923706056
2019-06-13,PDD,Buy,20.46999931335449
2019-06-13,GNLN,Buy,14.020000457763672
2019-06-13,AVGR,Buy,4.579999923706055
2019-06-13,CMLS,Sell,17.110000610351562
2019-06-13,SAVA,Sell,1.1100000143051147
2019-06-13,ROKU,Sell,104.97000122070312
2019-06-14,CMLS,Sell,17.3799991607666
2019-06-14,PDD,Sell,20.51000022888184
2019-06-14,TBIO,Sell,10.029999732971191
2019-06-14,ROKU,Buy,102.0199966430664
2019-06-14,SAVA,Sell,1.2000000476837158
2019-06-14,TSLA,Buy,214.9199981689453
2019-06-14,DOCU,Buy,50.77999877929688
2019-06-14,AVGR,Buy,4.480000019073486
2019-06-14,GNLN,Buy,13.90999984741211
2019-06-17,GNLN,Buy,13.510000228881836
2019-06-17,TBIO,Sell,10.079999923706056
2019-06-17,ROKU,Sell,103.83999633789062
2019-06-17,AVGR,Sell,4.699999809265137
2019-06-17,PDD,Sell,20.59000015258789
2019-06-17,DOCU,Sell,52.75
2019-06-17,CMLS,Buy,17.280000686645508
2019-06-17,SAVA,Sell,1.190000057220459
2019-06-17,TSLA,Buy,225.02999877929688
2019-06-18,GNLN,Buy,13.270000457763672
2019-06-18,SAVA,Buy,1.1399999856948853
2019-06-18,TSLA,Buy,224.7400054931641
2019-06-18,DOCU,Buy,53.5099983215332
2019-06-18,PDD,Buy,20.88999938964844
2019-06-18,AVGR,Buy,4.579999923706055
2019-06-18,TBIO,Buy,10.199999809265137
2019-06-18,CMLS,Sell,17.09000015258789
2019-06-18,ROKU,Sell,104.38999938964844
2019-06-19,GNLN,Sell,11.0
2019-06-19,ROKU,Sell,106.48999786376952
2019-06-19,TSLA,Buy,226.42999267578125
2019-06-19,DOCU,Buy,53.09000015258789
2019-06-19,AVGR,Buy,4.610000133514404
2019-06-19,SAVA,Buy,1.159999966621399
2019-06-19,PDD,Buy,20.959999084472656
2019-06-19,TBIO,Sell,11.220000267028809
2019-06-19,CMLS,Sell,17.6299991607666
2019-06-20,SAVA,Sell,1.1799999475479126
2019-06-20,DOCU,Sell,54.869998931884766
2019-06-20,PDD,Sell,20.950000762939453
2019-06-20,TBIO,Sell,12.359999656677246
2019-06-20,ROKU,Sell,104.9000015258789
2019-06-20,GNLN,Buy,11.25
2019-06-20,TSLA,Buy,219.6199951171875
2019-06-20,AVGR,Buy,4.559999942779541
2019-06-20,CMLS,Buy,17.450000762939453
2019-06-21,CMLS,Buy,17.209999084472656
2019-06-21,TSLA,Buy,221.8600006103516
2019-06-21,GNLN,Sell,10.31999969482422
2019-06-21,ROKU,Buy,102.56999969482422
2019-06-21,DOCU,Buy,52.83000183105469
2019-06-21,SAVA,Buy,1.2400000095367432
2019-06-21,TBIO,Sell,12.5600004196167
2019-06-21,PDD,Sell,21.049999237060547
2019-06-21,AVGR,Sell,4.179999828338623
2019-06-24,GNLN,Sell,9.31999969482422
2019-06-24,SAVA,Sell,1.340000033378601
2019-06-24,TSLA,Sell,223.63999938964844
2019-06-24,DOCU,Buy,51.0099983215332
2019-06-24,CMLS,Buy,17.030000686645508
2019-06-24,TBIO,Buy,12.539999961853027
2019-06-24,AVGR,Buy,3.680000066757202
2019-06-24,PDD,Sell,20.75
2019-06-24,ROKU,Sell,100.02999877929688
2019-06-25,DOCU,Sell,49.83000183105469
2019-06-25,PDD,Sell,20.540000915527344
2019-06-25,TSLA,Buy,219.75999450683597
2019-06-25,GNLN,Buy,9.649999618530272
2019-06-25,ROKU,Buy,93.25
2019-06-25,CMLS,Buy,16.920000076293945
2019-06-25,SAVA,Buy,1.2999999523162842
2019-06-25,TBIO,Sell,12.43000030517578
2019-06-25,AVGR,Sell,3.490000009536743
2019-06-26,TBIO,Sell,12.960000038146973
2019-06-26,TSLA,Sell,219.2700042724609
2019-06-26,ROKU,Buy,92.3000030517578
2019-06-26,SAVA,Buy,1.2699999809265137
2019-06-26,AVGR,Buy,3.319999933242798
2019-06-26,CMLS,Buy,17.170000076293945
2019-06-26,DOCU,Sell,49.4900016784668
2019-06-26,GNLN,Sell,9.0600004196167
2019-06-26,PDD,Sell,20.450000762939453
2019-06-27,TBIO,Sell,12.859999656677246
2019-06-27,CMLS,Sell,17.600000381469727
2019-06-27,ROKU,Sell,93.2300033569336
2019-06-27,PDD,Sell,20.76000022888184
2019-06-27,AVGR,Sell,3.0299999713897705
2019-06-27,GNLN,Sell,9.949999809265137
2019-06-27,TSLA,Buy,222.83999633789065
2019-06-27,SAVA,Buy,1.2100000381469729
2019-06-27,DOCU,Buy,50.650001525878906
2019-06-28,ROKU,Buy,90.58000183105467
2019-06-28,GNLN,Buy,9.59000015258789
2019-06-28,TBIO,Sell,12.630000114440918
2019-06-28,TSLA,Buy,223.4600067138672
2019-06-28,CMLS,Buy,18.549999237060547
2019-06-28,PDD,Buy,20.6299991607666
2019-06-28,SAVA,Buy,1.2100000381469729
2019-06-28,AVGR,Buy,3.0299999713897705
2019-06-28,DOCU,Sell,49.709999084472656
2019-07-01,DOCU,Sell,50.650001525878906
2019-07-01,GNLN,Sell,9.029999732971191
2019-07-01,TSLA,Buy,227.1699981689453
2019-07-01,SAVA,Buy,1.25
2019-07-01,ROKU,Buy,91.37000274658205
2019-07-01,AVGR,Buy,3.190000057220459
2019-07-01,PDD,Buy,20.63999938964844
2019-07-01,TBIO,Sell,12.09000015258789
2019-07-01,CMLS,Sell,18.56999969482422
2019-07-02,PDD,Sell,20.309999465942383
2019-07-02,DOCU,Sell,51.34000015258789
2019-07-02,TBIO,Sell,11.59000015258789
2019-07-02,ROKU,Sell,93.0500030517578
2019-07-02,GNLN,Sell,8.489999771118164
2019-07-02,TSLA,Buy,224.5500030517578
2019-07-02,CMLS,Buy,18.479999542236328
2019-07-02,SAVA,Buy,1.340000033378601
2019-07-02,AVGR,Buy,3.069999933242798
2019-07-03,PDD,Buy,20.09000015258789
2019-07-03,CMLS,Sell,18.3799991607666
2019-07-03,AVGR,Sell,2.819999933242798
2019-07-03,SAVA,Sell,1.3600000143051147
2019-07-03,GNLN,Sell,7.960000038146973
2019-07-03,DOCU,Sell,51.650001525878906
2019-07-03,TBIO,Sell,11.890000343322754
2019-07-03,TSLA,Buy,234.8999938964844
2019-07-03,ROKU,Buy,93.51000213623048
2019-07-05,SAVA,Buy,1.4500000476837158
2019-07-05,ROKU,Buy,98.11000061035156
2019-07-05,AVGR,Buy,2.950000047683716
2019-07-05,GNLN,Sell,8.319999694824219
2019-07-05,CMLS,Sell,17.90999984741211
2019-07-05,TBIO,Sell,11.510000228881836
2019-07-05,PDD,Sell,20.290000915527344
2019-07-05,DOCU,Sell,52.15999984741211
2019-07-05,TSLA,Buy,233.1000061035156
2019-07-08,GNLN,Buy,8.020000457763672
2019-07-08,ROKU,Buy,103.25
2019-07-08,TSLA,Buy,230.33999633789065
2019-07-08,CMLS,Buy,17.989999771118164
2019-07-08,DOCU,Buy,51.650001525878906
2019-07-08,SAVA,Buy,1.4299999475479126
2019-07-08,AVGR,Sell,2.8399999141693115
2019-07-08,TBIO,Sell,10.739999771118164
2019-07-08,PDD,Sell,20.040000915527344
2019-07-09,GNLN,Sell,8.079999923706055
2019-07-09,DOCU,Sell,52.0
2019-07-09,TSLA,Buy,230.05999755859372
2019-07-09,AVGR,Buy,2.930000066757202
2019-07-09,CMLS,Buy,17.579999923706055
2019-07-09,TBIO,Buy,10.640000343322754
2019-07-09,SAVA,Sell,1.3700000047683716
2019-07-09,ROKU,Sell,103.4000015258789
2019-07-09,PDD,Sell,20.479999542236328
2019-07-10,TBIO,Sell,10.31999969482422
2019-07-10,AVGR,Sell,2.859999895095825
2019-07-10,ROKU,Sell,103.5
2019-07-10,PDD,Sell,19.84000015258789
2019-07-10,TSLA,Buy,238.9199981689453
2019-07-10,CMLS,Buy,17.510000228881836
2019-07-10,DOCU,Buy,51.34999847412109
2019-07-10,SAVA,Buy,1.4199999570846558
2019-07-10,GNLN,Buy,8.109999656677246
2019-07-11,SAVA,Sell,1.3300000429153442
2019-07-11,DOCU,Sell,53.79999923706055
2019-07-11,ROKU,Sell,104.54000091552734
2019-07-11,GNLN,Sell,8.0
2019-07-11,TSLA,Buy,238.6000061035156
2019-07-11,CMLS,Buy,17.81999969482422
2019-07-11,AVGR,Buy,2.8499999046325684
2019-07-11,TBIO,Buy,9.8100004196167
2019-07-11,PDD,Buy,19.34000015258789
2019-07-12,AVGR,Sell,2.819999933242798
2019-07-12,ROKU,Sell,102.47000122070312
2019-07-12,GNLN,Sell,7.769999980926514
2019-07-12,DOCU,Sell,53.20000076293945
2019-07-12,CMLS,Sell,17.920000076293945
2019-07-12,TBIO,Sell,10.149999618530272
2019-07-12,PDD,Sell,19.13999938964844
2019-07-12,TSLA,Buy,245.0800018310547
2019-07-12,SAVA,Buy,1.3200000524520874
2019-07-15,SAVA,Buy,1.409999966621399
2019-07-15,TBIO,Buy,9.8100004196167
2019-07-15,CMLS,Buy,17.790000915527344
2019-07-15,TSLA,Sell,253.5
2019-07-15,DOCU,Buy,54.04999923706055
2019-07-15,PDD,Buy,19.350000381469727
2019-07-15,ROKU,Buy,104.33999633789062
2019-07-15,AVGR,Buy,2.720000028610229
2019-07-15,GNLN,Sell,7.710000038146973
2019-07-16,TSLA,Buy,252.3800048828125
2019-07-16,PDD,Buy,20.1200008392334
2019-07-16,ROKU,Buy,111.94000244140624
2019-07-16,DOCU,Buy,53.619998931884766
2019-07-16,TBIO,Buy,9.729999542236328
2019-07-16,CMLS,Sell,17.559999465942383
2019-07-16,AVGR,Sell,2.759999990463257
2019-07-16,SAVA,Sell,1.409999966621399
2019-07-16,GNLN,Sell,7.75
2019-07-17,GNLN,Sell,8.0
2019-07-17,AVGR,Sell,2.680000066757202
2019-07-17,PDD,Sell,19.96999931335449
2019-07-17,SAVA,Sell,1.3899999856948853
2019-07-17,ROKU,Sell,109.33999633789062
2019-07-17,DOCU,Sell,52.77000045776367
2019-07-17,TBIO,Sell,9.720000267028809
2019-07-17,TSLA,Buy,254.8600006103516
2019-07-17,CMLS,Buy,17.450000762939453
2019-07-18,TSLA,Buy,253.5399932861328
2019-07-18,PDD,Buy,20.190000534057617
2019-07-18,SAVA,Buy,1.350000023841858
2019-07-18,ROKU,Buy,109.0199966430664
2019-07-18,CMLS,Buy,17.06999969482422
2019-07-18,TBIO,Sell,9.600000381469728
2019-07-18,GNLN,Sell,8.25
2019-07-18,AVGR,Sell,2.430000066757202
2019-07-18,DOCU,Sell,53.04999923706055
2019-07-19,ROKU,Sell,106.8499984741211
2019-07-19,CMLS,Sell,17.15999984741211
2019-07-19,SAVA,Sell,1.340000033378601
2019-07-19,PDD,Sell,20.049999237060547
2019-07-19,DOCU,Sell,52.41999816894531
2019-07-19,TBIO,Sell,9.279999732971191
2019-07-19,TSLA,Buy,258.17999267578125
2019-07-19,AVGR,Buy,2.369999885559082
2019-07-19,GNLN,Buy,7.920000076293945
2019-07-22,GNLN,Buy,7.690000057220459
2019-07-22,DOCU,Buy,52.369998931884766
2019-07-22,SAVA,Sell,1.3600000143051147
2019-07-22,ROKU,Sell,108.5999984741211
2019-07-22,PDD,Sell,20.13999938964844
2019-07-22,AVGR,Sell,2.190000057220459
2019-07-22,TSLA,Buy,255.67999267578125
2019-07-22,TBIO,Buy,9.619999885559082
2019-07-22,CMLS,Buy,16.420000076293945
2019-07-23,GNLN,Buy,7.610000133514404
2019-07-23,CMLS,Buy,15.890000343322754
2019-07-23,SAVA,Sell,1.3799999952316284
2019-07-23,ROKU,Sell,104.91999816894533
2019-07-23,AVGR,Sell,1.955000042915344
2019-07-23,DOCU,Sell,52.93999862670898
2019-07-23,TBIO,Sell,8.979999542236328
2019-07-23,TSLA,Buy,260.1700134277344
2019-07-23,PDD,Buy,20.989999771118164
2019-07-24,PDD,Buy,20.93000030517578
2019-07-24,ROKU,Buy,107.66000366210938
2019-07-24,CMLS,Buy,16.18000030517578
2019-07-24,TSLA,Buy,264.8800048828125
2019-07-24,GNLN,Buy,7.46999979019165
2019-07-24,SAVA,Buy,1.3899999856948853
2019-07-24,AVGR,Sell,2.039999961853028
2019-07-24,TBIO,Sell,8.899999618530273
2019-07-24,DOCU,Sell,54.34999847412109
2019-07-25,TSLA,Sell,228.82000732421875
2019-07-25,GNLN,Buy,7.380000114440918
2019-07-25,CMLS,Buy,15.3100004196167
2019-07-25,AVGR,Buy,2.0999999046325684
2019-07-25,SAVA,Sell,1.399999976158142
2019-07-25,DOCU,Sell,52.470001220703125
2019-07-25,TBIO,Sell,8.15999984741211
2019-07-25,PDD,Sell,21.51000022888184
2019-07-25,ROKU,Sell,106.88999938964844
2019-07-26,AVGR,Sell,2.359999895095825
2019-07-26,GNLN,Sell,7.760000228881836
2019-07-26,CMLS,Sell,15.520000457763672
2019-07-26,TSLA,Buy,228.0399932861328
2019-07-26,TBIO,Buy,8.380000114440918
2019-07-26,PDD,Buy,21.61000061035156
2019-07-26,SAVA,Buy,1.3700000047683716
2019-07-26,ROKU,Buy,110.4499969482422
2019-07-26,DOCU,Sell,54.68000030517578
2019-07-29,ROKU,Buy,105.12999725341795
2019-07-29,GNLN,Buy,7.840000152587891
2019-07-29,TBIO,Buy,8.9399995803833
2019-07-29,AVGR,Sell,2.130000114440918
2019-07-29,CMLS,Sell,14.920000076293944
2019-07-29,PDD,Sell,21.90999984741211
2019-07-29,SAVA,Sell,1.3200000524520874
2019-07-29,TSLA,Buy,235.7700042724609
2019-07-29,DOCU,Buy,53.900001525878906
2019-07-30,DOCU,Buy,54.150001525878906
2019-07-30,PDD,Buy,21.950000762939453
2019-07-30,ROKU,Buy,105.76000213623048
2019-07-30,TSLA,Buy,242.25999450683597
2019-07-30,SAVA,Buy,1.3700000047683716
2019-07-30,TBIO,Buy,9.010000228881836
2019-07-30,AVGR,Buy,2.220000028610229
2019-07-30,GNLN,Sell,8.260000228881836
2019-07-30,CMLS,Sell,15.270000457763672
2019-07-31,SAVA,Sell,1.350000023841858
2019-07-31,TBIO,Sell,8.020000457763672
2019-07-31,AVGR,Sell,2.200000047683716
2019-07-31,DOCU,Sell,51.720001220703125
2019-07-31,PDD,Sell,22.270000457763672
2019-07-31,TSLA,Buy,241.6100006103516
2019-07-31,CMLS,Buy,15.109999656677246
2019-07-31,ROKU,Buy,103.33000183105467
2019-07-31,GNLN,Buy,8.430000305175781
2019-08-01,PDD,Buy,22.65999984741211
2019-08-01,AVGR,Sell,1.919999957084656
2019-08-01,TSLA,Buy,233.8500061035156
2019-08-01,SAVA,Sell,1.3300000429153442
2019-08-01,DOCU,Buy,49.93000030517578
2019-08-01,TBIO,Buy,8.029999732971191
2019-08-01,SNDL,Buy,8.479999542236328
2019-08-01,CMLS,Sell,14.15999984741211
2019-08-01,GNLN,Sell,7.980000019073486
2019-08-01,ROKU,Sell,100.84500122070312
2019-08-02,PDD,Sell,22.989999771118164
2019-08-02,CMLS,Sell,14.0600004196167
2019-08-02,TBIO,Sell,8.3100004196167
2019-08-02,ROKU,Sell,100.52999877929688
2019-08-02,AVGR,Sell,1.870000004768372
2019-08-02,SAVA,Sell,1.399999976158142
2019-08-02,SNDL,Sell,10.449999809265137
2019-08-02,GNLN,Sell,8.010000228881836
2019-08-02,TSLA,Buy,234.33999633789065
2019-08-02,DOCU,Buy,48.79999923706055
2019-08-05,GNLN,Buy,7.849999904632568
2019-08-05,ROKU,Buy,102.56999969482422
2019-08-05,SAVA,Buy,1.2799999713897705
2019-08-05,TSLA,Buy,228.32000732421875
2019-08-05,CMLS,Buy,13.5
2019-08-05,AVGR,Buy,1.7000000476837158
2019-08-05,SNDL,Buy,11.699999809265137
2019-08-05,TBIO,Buy,8.100000381469727
2019-08-05,PDD,Sell,22.170000076293945
2019-08-05,DOCU,Sell,44.70000076293945
2019-08-06,DOCU,Sell,44.59000015258789
2019-08-06,GNLN,Sell,7.949999809265137
2019-08-06,SNDL,Sell,13.0
2019-08-06,PDD,Sell,21.959999084472656
2019-08-06,SAVA,Sell,1.340000033378601
2019-08-06,AVGR,Sell,1.440000057220459
2019-08-06,TBIO,Sell,8.119999885559082
2019-08-06,ROKU,Sell,98.4800033569336
2019-08-06,CMLS,Buy,13.729999542236328
2019-08-07,CMLS,Buy,12.600000381469728
2019-08-07,DOCU,Buy,45.040000915527344
2019-08-07,SAVA,Buy,1.3200000524520874
2019-08-07,AVGR,Sell,1.7999999523162842
2019-08-07,TBIO,Sell,8.0600004196167
2019-08-07,ROKU,Sell,100.97000122070312
2019-08-07,SNDL,Sell,12.850000381469728
2019-08-07,TSLA,Buy,233.4199981689453
2019-08-07,GNLN,Buy,7.96999979019165
2019-08-07,PDD,Buy,22.1299991607666
2019-08-08,TBIO,Buy,8.100000381469727
2019-08-08,CMLS,Buy,14.619999885559082
2019-08-08,SAVA,Sell,1.3200000524520874
2019-08-08,AVGR,Sell,1.7599999904632568
2019-08-08,PDD,Sell,22.809999465942383
2019-08-08,ROKU,Sell,122.02999877929688
2019-08-08,DOCU,Sell,46.36000061035156
2019-08-08,TSLA,Buy,238.3000030517578
2019-08-08,GNLN,Buy,9.079999923706056
2019-08-08,SNDL,Buy,12.300000190734863
2019-08-09,TSLA,Buy,235.00999450683597
2019-08-09,PDD,Buy,22.600000381469727
2019-08-09,GNLN,Buy,8.569999694824219
2019-08-09,TBIO,Buy,8.140000343322754
2019-08-09,ROKU,Buy,125.31999969482422
2019-08-09,CMLS,Sell,14.510000228881836
2019-08-09,DOCU,Sell,45.33000183105469
2019-08-09,AVGR,Sell,1.7899999618530271
2019-08-09,SAVA,Sell,1.3300000429153442
2019-08-09,SNDL,Sell,11.5
2019-08-12,SNDL,Sell,10.4399995803833
2019-08-12,PDD,Sell,22.36000061035156
2019-08-12,ROKU,Sell,134.3000030517578
2019-08-12,TBIO,Sell,8.0
2019-08-12,CMLS,Sell,14.34000015258789
2019-08-12,GNLN,Sell,8.859999656677246
2019-08-12,AVGR,Sell,1.7200000286102295
2019-08-12,TSLA,Buy,229.00999450683597
2019-08-12,DOCU,Buy,44.209999084472656
2019-08-12,SAVA,Buy,1.2400000095367432
2019-08-13,DOCU,Buy,45.619998931884766
2019-08-13,TSLA,Buy,235.0
2019-08-13,AVGR,Buy,1.6799999475479126
2019-08-13,GNLN,Buy,7.590000152587891
2019-08-13,PDD,Buy,23.780000686645508
2019-08-13,SAVA,Buy,1.2300000190734863
2019-08-13,ROKU,Sell,135.3300018310547
2019-08-13,CMLS,Sell,14.8100004196167
2019-08-13,TBIO,Sell,8.239999771118164
2019-08-13,SNDL,Sell,10.390000343322754
2019-08-14,SAVA,Sell,1.190000057220459
2019-08-14,AVGR,Sell,1.590000033378601
2019-08-14,GNLN,Sell,6.949999809265137
2019-08-14,CMLS,Sell,14.1899995803833
2019-08-14,TBIO,Sell,8.0
2019-08-14,ROKU,Sell,130.57000732421875
2019-08-14,DOCU,Sell,43.90999984741211
2019-08-14,PDD,Buy,23.559999465942383
2019-08-14,TSLA,Buy,219.6199951171875
2019-08-14,SNDL,Buy,11.079999923706056
2019-08-15,PDD,Buy,23.8700008392334
2019-08-15,AVGR,Buy,1.5199999809265137
2019-08-15,SNDL,Buy,11.079999923706056
2019-08-15,ROKU,Sell,129.39999389648438
2019-08-15,GNLN,Sell,6.96999979019165
2019-08-15,DOCU,Sell,44.130001068115234
2019-08-15,TBIO,Buy,7.940000057220459
2019-08-15,CMLS,Buy,15.109999656677246
2019-08-15,SAVA,Sell,1.190000057220459
2019-08-15,TSLA,Buy,215.63999938964844
2019-08-16,SAVA,Buy,1.2400000095367432
2019-08-16,TSLA,Buy,219.94000244140625
2019-08-16,SNDL,Buy,10.539999961853027
2019-08-16,ROKU,Buy,131.0399932861328
2019-08-16,DOCU,Buy,44.810001373291016
2019-08-16,PDD,Buy,25.01000022888184
2019-08-16,TBIO,Sell,8.130000114440918
2019-08-16,CMLS,Sell,15.210000038146973
2019-08-16,GNLN,Sell,6.489999771118164
2019-08-16,AVGR,Sell,1.6399999856948853
2019-08-19,CMLS,Sell,15.699999809265137
2019-08-19,GNLN,Sell,6.409999847412109
2019-08-19,ROKU,Sell,134.9600067138672
2019-08-19,TBIO,Sell,8.140000343322754
2019-08-19,PDD,Sell,25.56999969482422
2019-08-19,TSLA,Buy,226.8300018310547
2019-08-19,DOCU,Buy,44.540000915527344
2019-08-19,SAVA,Buy,1.2400000095367432
2019-08-19,SNDL,Buy,10.449999809265137
2019-08-19,AVGR,Buy,1.7200000286102295
2019-08-20,TBIO,Sell,8.6899995803833
2019-08-20,ROKU,Sell,134.25999450683594
2019-08-20,SAVA,Sell,1.2200000286102295
2019-08-20,CMLS,Sell,15.399999618530272
2019-08-20,PDD,Buy,25.959999084472656
2019-08-20,SNDL,Buy,10.0
2019-08-20,DOCU,Sell,44.630001068115234
2019-08-20,GNLN,Sell,6.420000076293945
2019-08-20,TSLA,Buy,225.8600006103516
2019-08-20,AVGR,Buy,1.6699999570846558
2019-08-21,TSLA,Buy,220.8300018310547
2019-08-21,GNLN,Buy,6.690000057220459
2019-08-21,CMLS,Buy,15.010000228881836
2019-08-21,TBIO,Sell,8.720000267028809
2019-08-21,SAVA,Sell,1.2000000476837158
2019-08-21,SNDL,Sell,10.010000228881836
2019-08-21,DOCU,Sell,45.02000045776367
2019-08-21,PDD,Sell,30.11000061035156
2019-08-21,ROKU,Sell,138.5800018310547
2019-08-21,AVGR,Sell,1.6699999570846558
2019-08-22,CMLS,Sell,14.619999885559082
2019-08-22,SNDL,Sell,9.619999885559082
2019-08-22,GNLN,Sell,7.019999980926514
2019-08-22,TBIO,Sell,8.40999984741211
2019-08-22,TSLA,Buy,222.1499938964844
2019-08-22,ROKU,Buy,139.13999938964844
2019-08-22,SAVA,Buy,1.190000057220459
2019-08-22,DOCU,Buy,44.72499847412109
2019-08-22,AVGR,Buy,1.1299999952316284
2019-08-22,PDD,Sell,30.59000015258789
2019-08-23,SNDL,Sell,9.640000343322754
2019-08-23,TSLA,Buy,211.3999938964844
2019-08-23,DOCU,Buy,43.97999954223633
2019-08-23,CMLS,Buy,13.789999961853027
2019-08-23,AVGR,Buy,1.1299999952316284
2019-08-23,ROKU,Buy,137.74000549316406
2019-08-23,PDD,Sell,29.489999771118164
2019-08-23,GNLN,Sell,6.519999980926514
2019-08-23,SAVA,Sell,1.159999966621399
2019-08-23,TBIO,Sell,8.34000015258789
2019-08-26,SNDL,Sell,9.529999732971191
2019-08-26,SAVA,Sell,1.100000023841858
2019-08-26,ROKU,Sell,143.00999450683594
2019-08-26,CMLS,Sell,13.880000114440918
2019-08-26,AVGR,Sell,1.131999969482422
2019-08-26,GNLN,Sell,6.610000133514404
2019-08-26,TSLA,Buy,215.0
2019-08-26,PDD,Buy,30.61000061035156
2019-08-26,DOCU,Buy,45.22999954223633
2019-08-26,TBIO,Buy,8.75
2019-08-27,CMLS,Buy,13.550000190734863
2019-08-27,PDD,Sell,30.8700008392334
2019-08-27,SAVA,Sell,1.100000023841858
2019-08-27,SNDL,Sell,8.949999809265137
2019-08-27,TBIO,Sell,8.729999542236328
2019-08-27,TSLA,Buy,214.0800018310547
2019-08-27,ROKU,Buy,147.02000427246094
2019-08-27,AVGR,Buy,1.1100000143051147
2019-08-27,DOCU,Buy,44.7599983215332
2019-08-27,GNLN,Buy,6.389999866485596
2019-08-28,SAVA,Sell,1.0800000429153442
2019-08-28,TSLA,Sell,215.58999633789065
2019-08-28,SNDL,Buy,8.75
2019-08-28,PDD,Buy,30.93000030517578
2019-08-28,DOCU,Buy,45.43999862670898
2019-08-28,GNLN,Buy,6.440000057220459
2019-08-28,TBIO,Sell,8.859999656677246
2019-08-28,ROKU,Sell,145.88999938964844
2019-08-28,CMLS,Sell,13.539999961853027
2019-08-28,AVGR,Sell,1.100000023841858
2019-08-29,CMLS,Sell,13.550000190734863
2019-08-29,TSLA,Buy,221.7100067138672
2019-08-29,TBIO,Sell,9.239999771118164
2019-08-29,ROKU,Buy,149.8800048828125
2019-08-29,AVGR,Buy,1.1399999856948853
2019-08-29,SNDL,Buy,7.860000133514404
2019-08-29,GNLN,Sell,6.539999961853027
2019-08-29,PDD,Sell,33.61000061035156
2019-08-29,SAVA,Sell,1.0399999618530271
2019-08-29,DOCU,Sell,46.41999816894531
2019-08-30,GNLN,Sell,6.199999809265137
2019-08-30,AVGR,Sell,1.1200000047683716
2019-08-30,ROKU,Sell,151.36000061035156
2019-08-30,TBIO,Sell,9.079999923706056
2019-08-30,SNDL,Sell,7.960000038146973
2019-08-30,CMLS,Sell,13.600000381469728
2019-08-30,PDD,Sell,32.77000045776367
2019-08-30,SAVA,Sell,1.1200000047683716
2019-08-30,DOCU,Sell,46.68999862670898
2019-08-30,TSLA,Buy,225.6100006103516
2019-09-03,SNDL,Buy,8.210000038146973
2019-09-03,GNLN,Buy,6.139999866485596
2019-09-03,TSLA,Buy,225.00999450683597
2019-09-03,ROKU,Buy,156.8800048828125
2019-09-03,TBIO,Buy,9.4399995803833
2019-09-03,AVGR,Buy,1.1399999856948853
2019-09-03,SAVA,Buy,1.3200000524520874
2019-09-03,DOCU,Sell,46.61000061035156
2019-09-03,CMLS,Sell,13.140000343322754
2019-09-03,PDD,Sell,33.25
2019-09-04,GNLN,Sell,6.0
2019-09-04,ROKU,Sell,168.91000366210938
2019-09-04,PDD,Sell,34.0
2019-09-04,AVGR,Sell,1.1100000143051147
2019-09-04,TBIO,Sell,9.9399995803833
2019-09-04,CMLS,Sell,13.220000267028809
2019-09-04,TSLA,Sell,220.67999267578125
2019-09-04,DOCU,Sell,46.84999847412109
2019-09-04,SAVA,Sell,1.2999999523162842
2019-09-04,SNDL,Buy,7.849999904632568
2019-09-05,TSLA,Buy,229.5800018310547
2019-09-05,DOCU,Buy,46.25
2019-09-05,TBIO,Buy,10.050000190734863
2019-09-05,GNLN,Buy,6.21999979019165
2019-09-05,SAVA,Buy,1.2699999809265137
2019-09-05,CMLS,Sell,13.06999969482422
2019-09-05,PDD,Sell,34.869998931884766
2019-09-05,SNDL,Sell,8.029999732971191
2019-09-05,ROKU,Sell,166.92999267578125
2019-09-05,AVGR,Sell,1.1349999904632568
2019-09-06,PDD,Sell,34.97999954223633
2019-09-06,AVGR,Sell,1.1399999856948853
2019-09-06,ROKU,Buy,169.86000061035156
2019-09-06,GNLN,Sell,5.989999771118164
2019-09-06,SAVA,Sell,1.399999976158142
2019-09-06,SNDL,Sell,7.699999809265137
2019-09-06,TSLA,Buy,227.4499969482422
2019-09-06,CMLS,Buy,13.079999923706056
2019-09-06,TBIO,Buy,10.130000114440918
2019-09-06,DOCU,Buy,56.27000045776367
2019-09-09,ROKU,Buy,161.02999877929688
2019-09-09,SNDL,Buy,7.710000038146973
2019-09-09,GNLN,Buy,5.340000152587891
2019-09-09,TBIO,Buy,9.979999542236328
2019-09-09,PDD,Sell,34.97999954223633
2019-09-09,TSLA,Sell,231.7899932861328
2019-09-09,CMLS,Buy,13.68000030517578
2019-09-09,AVGR,Buy,1.1299999952316284
2019-09-09,DOCU,Buy,58.56999969482422
2019-09-09,SAVA,Buy,1.2200000286102295
2019-09-10,PDD,Sell,34.849998474121094
2019-09-10,SNDL,Sell,8.020000457763672
2019-09-10,GNLN,Sell,5.210000038146973
2019-09-10,TBIO,Sell,9.8100004196167
2019-09-10,TSLA,Buy,235.5399932861328
2019-09-10,CMLS,Sell,14.350000381469728
2019-09-10,SAVA,Buy,1.25
2019-09-10,AVGR,Buy,1.149999976158142
2019-09-10,DOCU,Buy,59.90999984741211
2019-09-10,ROKU,Sell,144.13999938964844
2019-09-11,SNDL,Sell,8.670000076293945
2019-09-11,ROKU,Buy,149.75999450683594
2019-09-11,CMLS,Buy,14.760000228881836
2019-09-11,DOCU,Buy,63.29999923706055
2019-09-11,PDD,Sell,36.66999816894531
2019-09-11,TSLA,Buy,247.1000061035156
2019-09-11,GNLN,Buy,5.599999904632568
2019-09-11,TBIO,Buy,10.270000457763672
2019-09-11,SAVA,Buy,1.2699999809265137
2019-09-11,AVGR,Buy,1.1399999856948853
2019-09-12,TSLA,Sell,245.8699951171875
2019-09-12,TBIO,Sell,10.40999984741211
2019-09-12,AVGR,Sell,1.1299999952316284
2019-09-12,CMLS,Sell,14.59000015258789
2019-09-12,GNLN,Buy,4.989999771118164
2019-09-12,PDD,Sell,36.15999984741211
2019-09-12,DOCU,Sell,62.93000030517578
2019-09-12,SAVA,Sell,1.2200000286102295
2019-09-12,ROKU,Sell,147.77999877929688
2019-09-12,SNDL,Sell,8.649999618530273
2019-09-13,SAVA,Sell,1.2200000286102295
2019-09-13,PDD,Sell,35.900001525878906
2019-09-13,SNDL,Sell,8.75
2019-09-13,TBIO,Sell,10.579999923706056
2019-09-13,CMLS,Sell,14.380000114440918
2019-09-13,GNLN,Sell,4.639999866485596
2019-09-13,DOCU,Sell,62.4900016784668
2019-09-13,TSLA,Buy,245.1999969482422
2019-09-13,AVGR,Buy,1.1299999952316284
2019-09-13,ROKU,Buy,147.5500030517578
2019-09-16,AVGR,Buy,1.1100000143051147
2019-09-16,TBIO,Buy,10.579999923706056
2019-09-16,DOCU,Buy,61.880001068115234
2019-09-16,PDD,Buy,34.72999954223633
2019-09-16,ROKU,Sell,149.5399932861328
2019-09-16,SNDL,Buy,8.789999961853027
2019-09-16,CMLS,Buy,13.609999656677246
2019-09-16,TSLA,Buy,242.80999755859372
2019-09-16,SAVA,Buy,1.2699999809265137
2019-09-16,GNLN,Buy,3.9800000190734863
2019-09-17,PDD,Buy,35.43000030517578
2019-09-17,TBIO,Buy,10.989999771118164
2019-09-17,TSLA,Sell,244.7899932861328
2019-09-17,ROKU,Buy,150.52000427246094
2019-09-17,SNDL,Buy,8.770000457763672
2019-09-17,SAVA,Buy,1.2999999523162842
2019-09-17,DOCU,Buy,61.900001525878906
2019-09-17,CMLS,Sell,14.390000343322754
2019-09-17,AVGR,Sell,1.100000023841858
2019-09-17,GNLN,Sell,3.7100000381469727
2019-09-18,SNDL,Sell,8.520000457763672
2019-09-18,PDD,Sell,34.369998931884766
2019-09-18,TBIO,Sell,10.010000228881836
2019-09-18,DOCU,Sell,63.29999923706055
2019-09-18,TSLA,Buy,243.4900054931641
2019-09-18,AVGR,Buy,1.149999976158142
2019-09-18,CMLS,Buy,14.140000343322754
2019-09-18,SAVA,Buy,1.2699999809265137
2019-09-18,GNLN,Buy,4.25
2019-09-18,ROKU,Sell,129.8800048828125
2019-09-19,AVGR,Sell,1.0700000524520874
2019-09-19,SNDL,Sell,7.5
2019-09-19,CMLS,Sell,13.579999923706056
2019-09-19,PDD,Buy,34.619998931884766
2019-09-19,ROKU,Sell,133.75999450683594
2019-09-19,SAVA,Sell,1.2999999523162842
2019-09-19,DOCU,Buy,63.36000061035156
2019-09-19,GNLN,Buy,4.440000057220459
2019-09-19,TSLA,Buy,246.6000061035156
2019-09-19,TBIO,Buy,10.100000381469728
2019-09-20,TBIO,Buy,10.079999923706056
2019-09-20,GNLN,Buy,4.539999961853027
2019-09-20,AVGR,Buy,1.0800000429153442
2019-09-20,PDD,Sell,34.08000183105469
2019-09-20,DOCU,Sell,64.80000305175781
2019-09-20,TSLA,Buy,240.6199951171875
2019-09-20,SNDL,Buy,7.070000171661377
2019-09-20,CMLS,Buy,13.210000038146973
2019-09-20,ROKU,Buy,108.0500030517578
2019-09-20,SAVA,Buy,1.190000057220459
2019-09-23,TSLA,Buy,241.22999572753903
2019-09-23,ROKU,Buy,107.37000274658205
2019-09-23,GNLN,Buy,4.239999771118164
2019-09-23,PDD,Buy,33.81999969482422
2019-09-23,CMLS,Buy,13.479999542236328
2019-09-23,DOCU,Sell,64.5199966430664
2019-09-23,TBIO,Sell,10.449999809265137
2019-09-23,SAVA,Sell,1.25
2019-09-23,SNDL,Sell,6.699999809265137
2019-09-23,AVGR,Sell,1.0700000524520874
2019-09-24,SNDL,Sell,6.190000057220459
2019-09-24,PDD,Sell,30.989999771118164
2019-09-24,TSLA,Sell,223.2100067138672
2019-09-24,DOCU,Buy,61.720001220703125
2019-09-24,ROKU,Buy,103.52999877929688
2019-09-24,AVGR,Buy,1.0099999904632568
2019-09-24,TBIO,Buy,10.270000457763672
2019-09-24,GNLN,Sell,3.795000076293945
2019-09-24,CMLS,Sell,13.15999984741211
2019-09-24,SAVA,Sell,1.2200000286102295
2019-09-25,CMLS,Sell,13.420000076293944
2019-09-25,PDD,Sell,32.25
2019-09-25,TBIO,Sell,10.06999969482422
2019-09-25,TSLA,Buy,228.6999969482422
2019-09-25,SAVA,Buy,1.2699999809265137
2019-09-25,ROKU,Buy,106.3000030517578
2019-09-25,GNLN,Buy,3.869999885559082
2019-09-25,DOCU,Buy,62.61000061035156
2019-09-25,SNDL,Sell,5.610000133514404
2019-09-25,AVGR,Sell,0.9300000071525574
2019-09-26,GNLN,Sell,3.700000047683716
2019-09-26,TBIO,Sell,10.140000343322754
2019-09-26,ROKU,Sell,103.33999633789062
2019-09-26,AVGR,Sell,0.8930000066757202
2019-09-26,TSLA,Buy,242.55999755859372
2019-09-26,CMLS,Buy,13.420000076293944
2019-09-26,SNDL,Buy,4.449999809265137
2019-09-26,PDD,Buy,32.650001525878906
2019-09-26,SAVA,Buy,1.2599999904632568
2019-09-26,DOCU,Sell,62.38999938964844
2019-09-27,DOCU,Sell,60.63999938964844
2019-09-27,AVGR,Sell,0.8700000047683716
2019-09-27,ROKU,Sell,99.73999786376952
2019-09-27,SAVA,Buy,1.2100000381469729
2019-09-27,TSLA,Buy,242.1300048828125
2019-09-27,SNDL,Buy,4.110000133514404
2019-09-27,TBIO,Buy,10.0600004196167
2019-09-27,PDD,Buy,31.280000686645508
2019-09-27,CMLS,Buy,13.329999923706056
2019-09-27,GNLN,Sell,3.4800000190734863
2019-09-30,CMLS,Sell,14.539999961853027
2019-09-30,ROKU,Sell,101.76000213623048
2019-09-30,DOCU,Sell,61.91999816894531
2019-09-30,TSLA,Buy,240.8699951171875
2019-09-30,SNDL,Buy,4.795000076293945
2019-09-30,AVGR,Buy,0.8299999833106995
2019-09-30,TBIO,Buy,9.90999984741211
2019-09-30,PDD,Buy,32.220001220703125
2019-09-30,SAVA,Sell,1.2000000476837158
2019-09-30,GNLN,Sell,3.390000104904175
2019-10-01,GNLN,Sell,3.2699999809265137
2019-10-01,DOCU,Sell,60.88999938964844
2019-10-01,TBIO,Sell,9.90999984741211
2019-10-01,SNDL,Sell,4.880000114440918
2019-10-01,PDD,Sell,32.75
2019-10-01,TSLA,Buy,244.69000244140625
2019-10-01,ROKU,Buy,102.4000015258789
2019-10-01,CMLS,Buy,14.9399995803833
2019-10-01,AVGR,Buy,0.8309999704360962
2019-10-01,SAVA,Buy,1.2300000190734863
2019-10-02,SAVA,Sell,1.2300000190734863
2019-10-02,GNLN,Sell,3.309999942779541
2019-10-02,TSLA,Sell,243.1300048828125
2019-10-02,SNDL,Buy,4.659999847412109
2019-10-02,ROKU,Buy,102.62000274658205
2019-10-02,PDD,Buy,32.59000015258789
2019-10-02,AVGR,Buy,0.777999997138977
2019-10-02,DOCU,Sell,60.7599983215332
2019-10-02,CMLS,Sell,15.350000381469728
2019-10-02,TBIO,Sell,9.920000076293944
2019-10-03,ROKU,Sell,108.83999633789062
2019-10-03,SNDL,Sell,4.96999979019165
2019-10-03,AVGR,Sell,0.7900000214576721
2019-10-03,TBIO,Sell,9.81999969482422
2019-10-03,CMLS,Sell,14.789999961853027
2019-10-03,DOCU,Sell,62.209999084472656
2019-10-03,TSLA,Buy,233.02999877929688
2019-10-03,SAVA,Buy,1.2100000381469729
2019-10-03,GNLN,Buy,3.470000028610229
2019-10-03,PDD,Buy,32.95000076293945
2019-10-04,DOCU,Buy,62.400001525878906
2019-10-04,TBIO,Sell,9.829999923706056
2019-10-04,AVGR,Sell,0.7960000038146973
2019-10-04,ROKU,Sell,106.7699966430664
2019-10-04,CMLS,Sell,14.529999732971191
2019-10-04,SNDL,Sell,4.670000076293945
2019-10-04,PDD,Sell,33.349998474121094
2019-10-04,SAVA,Sell,1.2599999904632568
2019-10-04,TSLA,Buy,231.42999267578125
2019-10-04,GNLN,Buy,3.5799999237060547
2019-10-07,PDD,Buy,31.670000076293945
2019-10-07,TBIO,Buy,9.800000190734863
2019-10-07,AVGR,Buy,0.8100000023841858
2019-10-07,SNDL,Sell,4.519999980926514
2019-10-07,TSLA,Buy,237.72000122070312
2019-10-07,ROKU,Buy,106.25
2019-10-07,GNLN,Buy,3.450000047683716
2019-10-07,CMLS,Buy,14.109999656677246
2019-10-07,DOCU,Buy,65.05000305175781
2019-10-07,SAVA,Sell,1.2400000095367432
2019-10-08,CMLS,Sell,13.300000190734863
2019-10-08,SAVA,Sell,1.2300000190734863
2019-10-08,SNDL,Sell,4.400000095367432
2019-10-08,TSLA,Buy,240.0500030517578
2019-10-08,GNLN,Buy,3.289999961853028
2019-10-08,AVGR,Sell,0.843999981880188
2019-10-08,TBIO,Buy,9.800000190734863
2019-10-08,PDD,Buy,31.25
2019-10-08,DOCU,Sell,64.62000274658203
2019-10-08,ROKU,Sell,108.0
2019-10-09,CMLS,Sell,13.449999809265137
2019-10-09,AVGR,Sell,0.8059999942779541
2019-10-09,TSLA,Buy,244.52999877929688
2019-10-09,PDD,Buy,31.780000686645508
2019-10-09,ROKU,Buy,117.79000091552734
2019-10-09,SAVA,Buy,1.2100000381469729
2019-10-09,DOCU,Buy,67.04000091552734
2019-10-09,GNLN,Sell,3.400000095367432
2019-10-09,TBIO,Sell,9.6899995803833
2019-10-09,SNDL,Sell,5.21999979019165
2019-10-10,ROKU,Sell,116.12999725341795
2019-10-10,TSLA,Buy,244.7400054931641
2019-10-10,SAVA,Buy,1.2300000190734863
2019-10-10,PDD,Buy,31.940000534057617
2019-10-10,DOCU,Buy,67.13999938964844
2019-10-10,AVGR,Buy,0.7900000214576721
2019-10-10,GNLN,Sell,3.440000057220459
2019-10-10,TBIO,Sell,8.960000038146973
2019-10-10,CMLS,Sell,13.539999961853027
2019-10-10,SNDL,Sell,4.539999961853027
2019-10-11,TSLA,Sell,247.88999938964844
2019-10-11,PDD,Sell,32.86000061035156
2019-10-11,DOCU,Buy,66.52999877929688
2019-10-11,SNDL,Buy,4.460000038146973
2019-10-11,AVGR,Buy,0.8100000023841858
2019-10-11,TBIO,Sell,8.109999656677246
2019-10-11,SAVA,Sell,1.2599999904632568
2019-10-11,ROKU,Sell,121.5999984741211
2019-10-11,GNLN,Sell,3.3499999046325684
2019-10-11,CMLS,Sell,13.729999542236328
2019-10-14,SNDL,Sell,4.409999847412109
2019-10-14,DOCU,Buy,67.08999633789062
2019-10-14,TSLA,Buy,256.9599914550781
2019-10-14,CMLS,Buy,13.079999923706056
2019-10-14,AVGR,Buy,0.8100000023841858
2019-10-14,SAVA,Buy,1.2599999904632568
2019-10-14,ROKU,Buy,119.12000274658205
2019-10-14,GNLN,Sell,3.299999952316284
2019-10-14,PDD,Sell,32.84000015258789
2019-10-14,TBIO,Sell,8.010000228881836
2019-10-15,TSLA,Buy,257.8900146484375
2019-10-15,CMLS,Buy,13.06999969482422
2019-10-15,SAVA,Buy,1.2699999809265137
2019-10-15,SNDL,Buy,4.480000019073486
2019-10-15,ROKU,Buy,132.82000732421875
2019-10-15,GNLN,Sell,3.369999885559082
2019-10-15,AVGR,Sell,0.800000011920929
2019-10-15,TBIO,Sell,8.350000381469727
2019-10-15,DOCU,Sell,66.98999786376953
2019-10-15,PDD,Sell,33.939998626708984
2019-10-16,TBIO,Sell,8.539999961853027
2019-10-16,CMLS,Sell,13.15999984741211
2019-10-16,TSLA,Buy,259.75
2019-10-16,AVGR,Buy,0.8199999928474426
2019-10-16,GNLN,Buy,3.190000057220459
2019-10-16,DOCU,Buy,67.05999755859375
2019-10-16,SNDL,Buy,4.099999904632568
2019-10-16,SAVA,Sell,1.2400000095367432
2019-10-16,ROKU,Sell,132.5
2019-10-16,PDD,Sell,33.7400016784668
2019-10-17,TSLA,Buy,261.9700012207031
2019-10-17,TBIO,Buy,8.770000457763672
2019-10-17,GNLN,Buy,3.3299999237060547
2019-10-17,CMLS,Buy,13.239999771118164
2019-10-17,AVGR,Buy,0.9100000262260436
2019-10-17,SAVA,Sell,1.2300000190734863
2019-10-17,PDD,Sell,34.20000076293945
2019-10-17,DOCU,Sell,66.72000122070312
2019-10-17,SNDL,Sell,4.199999809265137
2019-10-17,ROKU,Sell,139.07000732421875
2019-10-18,GNLN,Sell,3.2100000381469727
2019-10-18,ROKU,Buy,129.94000244140625
2019-10-18,CMLS,Buy,13.06999969482422
2019-10-18,SAVA,Buy,1.2400000095367432
2019-10-18,PDD,Sell,33.380001068115234
2019-10-18,DOCU,Buy,64.5199966430664
2019-10-18,SNDL,Sell,4.099999904632568
2019-10-18,TSLA,Buy,256.95001220703125
2019-10-18,TBIO,Buy,8.34000015258789
2019-10-18,AVGR,Buy,1.1100000143051147
2019-10-21,ROKU,Buy,133.02999877929688
2019-10-21,DOCU,Buy,66.02999877929688
2019-10-21,SAVA,Sell,1.1799999475479126
2019-10-21,PDD,Sell,34.0
2019-10-21,AVGR,Sell,1.090000033378601
2019-10-21,GNLN,Sell,3.5299999713897705
2019-10-21,CMLS,Sell,13.270000457763672
2019-10-21,TSLA,Buy,253.5
2019-10-21,SNDL,Sell,3.910000085830689
2019-10-21,TBIO,Buy,8.770000457763672
2019-10-22,GNLN,Buy,3.7899999618530273
2019-10-22,PDD,Buy,34.369998931884766
2019-10-22,DOCU,Sell,63.20000076293945
2019-10-22,SNDL,Sell,3.819999933242798
2019-10-22,CMLS,Sell,13.59000015258789
2019-10-22,TSLA,Buy,255.5800018310547
2019-10-22,ROKU,Buy,129.05999755859375
2019-10-22,AVGR,Buy,0.9700000286102296
2019-10-22,SAVA,Buy,1.100000023841858
2019-10-22,TBIO,Buy,8.8100004196167
2019-10-23,SAVA,Sell,1.2000000476837158
2019-10-23,DOCU,Sell,62.83000183105469
2019-10-23,PDD,Sell,35.5
2019-10-23,TBIO,Sell,8.989999771118164
2019-10-23,ROKU,Sell,128.75999450683594
2019-10-23,TSLA,Buy,254.67999267578125
2019-10-23,SNDL,Buy,4.079999923706055
2019-10-23,CMLS,Buy,13.609999656677246
2019-10-23,AVGR,Buy,1.0700000524520874
2019-10-23,GNLN,Buy,4.03000020980835
2019-10-24,CMLS,Sell,13.640000343322754
2019-10-24,PDD,Sell,39.959999084472656
2019-10-24,DOCU,Sell,64.91000366210938
2019-10-24,TSLA,Buy,299.67999267578125
2019-10-24,ROKU,Buy,131.22000122070312
2019-10-24,GNLN,Buy,3.940000057220459
2019-10-24,SAVA,Buy,1.2699999809265137
2019-10-24,SNDL,Buy,3.900000095367432
2019-10-24,AVGR,Sell,1.1299999952316284
2019-10-24,TBIO,Sell,8.640000343322754
2019-10-25,TBIO,Sell,8.930000305175781
2019-10-25,ROKU,Sell,133.74000549316406
2019-10-25,DOCU,Sell,65.4000015258789
2019-10-25,AVGR,Sell,1.1299999952316284
2019-10-25,SNDL,Sell,3.940000057220459
2019-10-25,CMLS,Buy,13.710000038146973
2019-10-25,TSLA,Buy,328.1300048828125
2019-10-25,SAVA,Buy,1.2999999523162842
2019-10-25,PDD,Buy,40.84000015258789
2019-10-25,GNLN,Buy,3.940000057220459
2019-10-28,PDD,Buy,42.58000183105469
2019-10-28,CMLS,Sell,13.850000381469728
2019-10-28,DOCU,Sell,66.37000274658203
2019-10-28,AVGR,Sell,1.4700000286102295
2019-10-28,GNLN,Sell,4.03000020980835
2019-10-28,SAVA,Sell,1.2699999809265137
2019-10-28,TSLA,Buy,327.7099914550781
2019-10-28,SNDL,Buy,3.799999952316284
2019-10-28,TBIO,Buy,9.289999961853027
2019-10-28,ROKU,Buy,146.8800048828125
2019-10-29,GNLN,Buy,3.7899999618530273
2019-10-29,TSLA,Buy,316.2200012207031
2019-10-29,ROKU,Buy,147.24000549316406
2019-10-29,TBIO,Buy,9.229999542236328
2019-10-29,PDD,Buy,40.5
2019-10-29,SAVA,Buy,1.340000033378601
2019-10-29,CMLS,Sell,13.960000038146973
2019-10-29,AVGR,Sell,1.2599999904632568
2019-10-29,DOCU,Sell,66.38999938964844
2019-10-29,SNDL,Sell,3.5299999713897705
2019-10-30,ROKU,Sell,149.42999267578125
2019-10-30,TBIO,Sell,9.020000457763672
2019-10-30,TSLA,Buy,315.010009765625
2019-10-30,GNLN,Buy,4.210000038146973
2019-10-30,AVGR,Buy,1.350000023841858
2019-10-30,CMLS,Sell,13.65999984741211
2019-10-30,PDD,Buy,40.880001068115234
2019-10-30,DOCU,Sell,66.7699966430664
2019-10-30,SNDL,Sell,3.369999885559082
2019-10-30,SAVA,Sell,1.3300000429153442
2019-10-31,SNDL,Sell,3.25
2019-10-31,AVGR,Sell,1.2599999904632568
2019-10-31,PDD,Sell,40.880001068115234
2019-10-31,GNLN,Sell,3.930000066757202
2019-10-31,CMLS,Sell,13.6899995803833
2019-10-31,TBIO,Sell,9.145000457763672
2019-10-31,TSLA,Buy,314.9200134277344
2019-10-31,SAVA,Buy,1.309999942779541
2019-10-31,ROKU,Buy,147.1999969482422
2019-10-31,DOCU,Buy,66.19000244140625
2019-11-01,SNDL,Buy,3.190000057220459
2019-11-01,TBIO,Sell,9.4399995803833
2019-11-01,CMLS,Buy,13.890000343322754
2019-11-01,GNLN,Sell,3.940000057220459
2019-11-01,AVGR,Sell,1.3200000524520874
2019-11-01,SAVA,Sell,1.309999942779541
2019-11-01,ROKU,Sell,146.5
2019-11-01,PDD,Sell,41.4900016784668
2019-11-01,DOCU,Buy,66.87999725341797
2019-11-01,TSLA,Buy,313.3099975585937
2019-11-04,ROKU,Buy,140.50999450683594
2019-11-04,AVGR,Buy,1.4240000247955322
2019-11-04,TSLA,Buy,317.4700012207031
2019-11-04,DOCU,Buy,68.44999694824219
2019-11-04,TBIO,Buy,9.470000267028809
2019-11-04,GNLN,Sell,3.930000066757202
2019-11-04,PDD,Buy,42.52999877929688
2019-11-04,SNDL,Sell,2.970000028610229
2019-11-04,SAVA,Sell,1.2899999618530271
2019-11-04,CMLS,Sell,13.770000457763672
2019-11-05,PDD,Sell,43.52999877929688
2019-11-05,TBIO,Sell,9.699999809265137
2019-11-05,CMLS,Sell,13.850000381469728
2019-11-05,TSLA,Buy,317.2200012207031
2019-11-05,GNLN,Sell,4.070000171661377
2019-11-05,SNDL,Sell,2.930000066757202
2019-11-05,DOCU,Buy,66.0
2019-11-05,AVGR,Buy,1.4210000038146973
2019-11-05,SAVA,Sell,1.2899999618530271
2019-11-05,ROKU,Sell,139.57000732421875
2019-11-06,CMLS,Sell,13.68000030517578
2019-11-06,PDD,Sell,43.4900016784668
2019-11-06,GNLN,Buy,4.300000190734863
2019-11-06,TBIO,Buy,9.350000381469728
2019-11-06,TSLA,Buy,326.5799865722656
2019-11-06,ROKU,Buy,141.0500030517578
2019-11-06,SAVA,Buy,1.3200000524520874
2019-11-06,AVGR,Buy,1.159999966621399
2019-11-06,DOCU,Buy,66.08000183105469
2019-11-06,SNDL,Sell,3.2100000381469727
2019-11-07,ROKU,Sell,118.45999908447266
2019-11-07,TSLA,Buy,335.5400085449219
2019-11-07,DOCU,Buy,65.41000366210938
2019-11-07,SNDL,Buy,3.509999990463257
2019-11-07,GNLN,Buy,3.910000085830689
2019-11-07,SAVA,Buy,1.2999999523162842
2019-11-07,CMLS,Sell,13.609999656677246
2019-11-07,PDD,Sell,43.310001373291016
2019-11-07,TBIO,Sell,9.75
2019-11-07,AVGR,Sell,1.0700000524520874
2019-11-08,SNDL,Sell,3.799999952316284
2019-11-08,AVGR,Sell,1.090000033378601
2019-11-08,DOCU,Sell,66.7300033569336
2019-11-08,CMLS,Sell,13.479999542236328
2019-11-08,TSLA,Buy,337.1400146484375
2019-11-08,ROKU,Buy,121.94000244140624
2019-11-08,SAVA,Buy,1.2699999809265137
2019-11-08,TBIO,Buy,9.40999984741211
2019-11-08,PDD,Buy,43.22999954223633
2019-11-08,GNLN,Sell,3.809999942779541
2019-11-11,AVGR,Sell,1.0299999713897705
2019-11-11,TSLA,Buy,345.0899963378906
2019-11-11,TBIO,Buy,9.579999923706056
2019-11-11,ROKU,Buy,129.2100067138672
2019-11-11,DOCU,Buy,67.25
2019-11-11,SNDL,Buy,3.880000114440918
2019-11-11,GNLN,Sell,3.549999952316284
2019-11-11,CMLS,Sell,13.600000381469728
2019-11-11,PDD,Sell,41.91999816894531
2019-11-11,SAVA,Sell,1.2599999904632568
2019-11-12,DOCU,Sell,67.01000213623047
2019-11-12,PDD,Sell,41.56999969482422
2019-11-12,TSLA,Buy,349.92999267578125
2019-11-12,TBIO,Buy,9.420000076293944
2019-11-12,SAVA,Buy,1.25
2019-11-12,AVGR,Buy,0.9800000190734864
2019-11-12,GNLN,Buy,3.319999933242798
2019-11-12,SNDL,Sell,3.809999942779541
2019-11-12,CMLS,Sell,14.510000228881836
2019-11-12,ROKU,Sell,135.35000610351562
2019-11-13,ROKU,Sell,142.3699951171875
2019-11-13,TSLA,Buy,346.1099853515625
2019-11-13,GNLN,Buy,3.359999895095825
2019-11-13,SAVA,Buy,1.25
2019-11-13,TBIO,Buy,9.3100004196167
2019-11-13,AVGR,Buy,0.9850000143051147
2019-11-13,PDD,Sell,41.68999862670898
2019-11-13,CMLS,Sell,14.760000228881836
2019-11-13,DOCU,Sell,67.81999969482422
2019-11-13,SNDL,Sell,3.609999895095825
2019-11-14,SAVA,Sell,1.2400000095367432
2019-11-14,CMLS,Sell,14.520000457763672
2019-11-14,GNLN,Sell,3.400000095367432
2019-11-14,TBIO,Sell,9.15999984741211
2019-11-14,DOCU,Sell,67.75
2019-11-14,ROKU,Sell,148.6999969482422
2019-11-14,PDD,Buy,41.31999969482422
2019-11-14,AVGR,Buy,0.8899999856948853
2019-11-14,SNDL,Buy,3.259999990463257
2019-11-15,SAVA,Buy,1.2400000095367432
2019-11-15,CMLS,Buy,14.539999961853027
2019-11-15,GNLN,Sell,3.359999895095825
2019-11-15,SNDL,Sell,3.130000114440918
2019-11-15,AVGR,Sell,0.9350000023841858
2019-11-15,ROKU,Sell,157.3000030517578
2019-11-15,TBIO,Sell,9.40999984741211
2019-11-15,PDD,Sell,42.7599983215332
2019-11-15,TSLA,Buy,352.1700134277344
2019-11-15,DOCU,Buy,67.77999877929688
2019-11-18,SAVA,Buy,1.2400000095367432
2019-11-18,GNLN,Buy,3.630000114440918
2019-11-18,TBIO,Buy,9.630000114440918
2019-11-18,PDD,Sell,41.5099983215332
2019-11-18,AVGR,Sell,1.0199999809265137
2019-11-18,ROKU,Sell,160.1199951171875
2019-11-18,DOCU,Sell,66.66000366210938
2019-11-18,TSLA,Buy,349.989990234375
2019-11-18,CMLS,Buy,14.899999618530272
2019-11-18,SNDL,Buy,2.809999942779541
2019-11-19,ROKU,Buy,153.91000366210938
2019-11-19,CMLS,Buy,14.949999809265137
2019-11-19,TSLA,Buy,359.5199890136719
2019-11-19,SNDL,Buy,2.880000114440918
2019-11-19,AVGR,Buy,1.2799999713897705
2019-11-19,PDD,Sell,40.720001220703125
2019-11-19,DOCU,Buy,66.56999969482422
2019-11-19,TBIO,Sell,10.649999618530272
2019-11-19,SAVA,Sell,1.2799999713897705
2019-11-19,GNLN,Sell,3.539999961853028
2019-11-20,PDD,Sell,31.399999618530277
2019-11-20,DOCU,Sell,67.88999938964844
2019-11-20,SNDL,Sell,2.7799999713897705
2019-11-20,SAVA,Sell,1.2699999809265137
2019-11-20,GNLN,Sell,3.390000104904175
2019-11-20,TSLA,Buy,352.2200012207031
2019-11-20,AVGR,Sell,1.3700000047683716
2019-11-20,CMLS,Buy,15.1899995803833
2019-11-20,ROKU,Buy,158.92999267578125
2019-11-20,TBIO,Buy,11.0
2019-11-21,GNLN,Sell,3.380000114440918
2019-11-21,TSLA,Buy,354.8299865722656
2019-11-21,TBIO,Buy,10.710000038146973
2019-11-21,SNDL,Buy,3.220000028610229
2019-11-21,ROKU,Buy,155.91000366210938
2019-11-21,PDD,Buy,31.57999992370605
2019-11-21,SAVA,Sell,1.2799999713897705
2019-11-21,CMLS,Sell,15.899999618530272
2019-11-21,AVGR,Sell,1.4500000476837158
2019-11-21,DOCU,Sell,69.94000244140625
2019-11-22,DOCU,Sell,71.12000274658203
2019-11-22,ROKU,Sell,158.75
2019-11-22,PDD,Sell,33.9900016784668
2019-11-22,GNLN,Sell,3.259999990463257
2019-11-22,AVGR,Sell,1.4700000286102295
2019-11-22,SNDL,Sell,2.9800000190734863
2019-11-22,CMLS,Sell,16.19499969482422
2019-11-22,SAVA,Sell,1.3200000524520874
2019-11-22,TBIO,Sell,9.81999969482422
2019-11-25,DOCU,Buy,71.5
2019-11-25,SAVA,Buy,1.409999966621399
2019-11-25,ROKU,Buy,158.0800018310547
2019-11-25,GNLN,Buy,3.220000028610229
2019-11-25,TBIO,Sell,10.100000381469728
2019-11-25,PDD,Sell,36.52000045776367
2019-11-25,CMLS,Sell,16.540000915527344
2019-11-25,AVGR,Sell,1.5099999904632568
2019-11-25,SNDL,Sell,2.740000009536743
2019-11-25,TSLA,Buy,336.3399963378906
2019-11-26,GNLN,Buy,3.309999942779541
2019-11-26,TBIO,Buy,9.460000038146973
2019-11-26,AVGR,Buy,1.4600000381469729
2019-11-26,SNDL,Buy,2.650000095367432
2019-11-26,TSLA,Buy,328.9200134277344
2019-11-26,DOCU,Buy,72.30999755859375
2019-11-26,SAVA,Buy,1.409999966621399
2019-11-26,CMLS,Buy,16.690000534057617
2019-11-26,PDD,Buy,36.97999954223633
2019-11-26,ROKU,Sell,164.27999877929688
2019-11-27,TSLA,Buy,331.2900085449219
2019-11-27,GNLN,Buy,3.2100000381469727
2019-11-27,CMLS,Buy,16.850000381469727
2019-11-27,SAVA,Buy,1.440000057220459
2019-11-27,SNDL,Buy,2.549999952316284
2019-11-27,AVGR,Sell,1.5399999618530271
2019-11-27,DOCU,Sell,71.66000366210938
2019-11-27,PDD,Sell,35.86000061035156
2019-11-27,ROKU,Sell,161.63999938964844
2019-11-27,TBIO,Sell,9.970000267028809
2019-11-29,AVGR,Sell,1.5099999904632568
2019-11-29,TSLA,Buy,329.94000244140625
2019-11-29,ROKU,Buy,160.3699951171875
2019-11-29,PDD,Buy,35.95000076293945
2019-11-29,SAVA,Buy,1.4800000190734863
2019-11-29,CMLS,Buy,17.34000015258789
2019-11-29,TBIO,Sell,10.050000190734863
2019-11-29,SNDL,Sell,2.4200000762939453
2019-11-29,DOCU,Sell,71.20999908447266
2019-11-29,GNLN,Sell,3.390000104904175
2019-12-02,TSLA,Buy,334.8699951171875
2019-12-02,CMLS,Buy,17.56999969482422
2019-12-02,DOCU,Buy,69.91999816894531
2019-12-02,GNLN,Buy,3.390000104904175
2019-12-02,SNDL,Buy,2.369999885559082
2019-12-02,PDD,Sell,36.040000915527344
2019-12-02,ROKU,Sell,136.07000732421875
2019-12-02,AVGR,Sell,1.409999966621399
2019-12-02,SAVA,Sell,1.7100000381469729
2019-12-02,TBIO,Sell,9.8100004196167
2019-12-03,PDD,Sell,36.16999816894531
2019-12-03,DOCU,Sell,70.68000030517578
2019-12-03,TSLA,Buy,336.20001220703125
2019-12-03,CMLS,Buy,17.34000015258789
2019-12-03,TBIO,Buy,10.0
2019-12-03,SNDL,Buy,2.299999952316284
2019-12-03,ROKU,Buy,144.6300048828125
2019-12-03,AVGR,Sell,1.340000033378601
2019-12-03,GNLN,Sell,3.130000114440918
2019-12-03,SAVA,Sell,1.7000000476837158
2019-12-04,DOCU,Sell,70.0
2019-12-04,PDD,Sell,35.849998474121094
2019-12-04,TBIO,Sell,9.9399995803833
2019-12-04,GNLN,Sell,3.140000104904175
2019-12-04,TSLA,Buy,333.0299987792969
2019-12-04,AVGR,Buy,1.5
2019-12-04,SNDL,Buy,2.1600000858306885
2019-12-04,CMLS,Buy,17.200000762939453
2019-12-04,ROKU,Buy,150.5800018310547
2019-12-04,SAVA,Sell,1.7699999809265137
2019-12-05,TSLA,Buy,330.3699951171875
2019-12-05,SNDL,Buy,2.0899999141693115
2019-12-05,AVGR,Buy,1.4299999475479126
2019-12-05,CMLS,Buy,17.010000228881836
2019-12-05,ROKU,Buy,148.33999633789062
2019-12-05,DOCU,Sell,69.5
2019-12-05,PDD,Sell,36.58000183105469
2019-12-05,SAVA,Sell,1.7999999523162842
2019-12-05,TBIO,Sell,9.710000038146973
2019-12-05,GNLN,Sell,2.880000114440918
2019-12-06,DOCU,Sell,75.56999969482422
2019-12-06,TSLA,Buy,335.8900146484375
2019-12-06,CMLS,Buy,17.770000457763672
2019-12-06,SAVA,Buy,1.7899999618530271
2019-12-06,GNLN,Buy,2.6700000762939453
2019-12-06,AVGR,Buy,1.4199999570846558
2019-12-06,TBIO,Sell,9.989999771118164
2019-12-06,SNDL,Sell,1.950000047683716
2019-12-06,ROKU,Sell,144.25999450683594
2019-12-06,PDD,Sell,37.52000045776367
2019-12-09,CMLS,Sell,17.239999771118164
2019-12-09,SNDL,Sell,2.289999961853028
2019-12-09,ROKU,Buy,145.5399932861328
2019-12-09,SAVA,Sell,1.6699999570846558
2019-12-09,TBIO,Sell,8.680000305175781
2019-12-09,TSLA,Buy,339.5299987792969
2019-12-09,DOCU,Buy,75.45999908447266
2019-12-09,PDD,Buy,37.52000045776367
2019-12-09,GNLN,Buy,2.7699999809265137
2019-12-09,AVGR,Buy,1.399999976158142
2019-12-10,PDD,Sell,38.130001068115234
2019-12-10,GNLN,Sell,2.680000066757202
2019-12-10,DOCU,Sell,72.79000091552734
2019-12-10,SNDL,Sell,2.0799999237060547
2019-12-10,TSLA,Buy,348.8399963378906
2019-12-10,AVGR,Buy,1.3450000286102295
2019-12-10,CMLS,Buy,17.15999984741211
2019-12-10,TBIO,Buy,8.319999694824219
2019-12-10,ROKU,Buy,147.08999633789062
2019-12-10,SAVA,Sell,1.649999976158142
2019-12-11,GNLN,Sell,2.630000114440918
2019-12-11,SNDL,Sell,2.2300000190734863
2019-12-11,TBIO,Sell,8.460000038146973
2019-12-11,AVGR,Sell,1.3200000524520874
2019-12-11,PDD,Sell,37.310001373291016
2019-12-11,SAVA,Sell,1.7000000476837158
2019-12-11,CMLS,Sell,17.170000076293945
2019-12-11,ROKU,Sell,145.6999969482422
2019-12-11,DOCU,Buy,72.45999908447266
2019-12-11,TSLA,Buy,352.70001220703125
2019-12-12,PDD,Buy,38.09000015258789
2019-12-12,GNLN,Buy,2.900000095367432
2019-12-12,DOCU,Buy,71.97000122070312
2019-12-12,SNDL,Buy,2.430000066757202
2019-12-12,CMLS,Sell,17.350000381469727
2019-12-12,TSLA,Buy,359.67999267578125
2019-12-12,AVGR,Buy,1.2899999618530271
2019-12-12,ROKU,Buy,139.57000732421875
2019-12-12,SAVA,Buy,1.8799999952316284
2019-12-12,TBIO,Buy,8.90999984741211
2019-12-13,TBIO,Sell,8.640000343322754
2019-12-13,TSLA,Buy,358.3900146484375
2019-12-13,AVGR,Sell,1.2599999904632568
2019-12-13,CMLS,Sell,17.3700008392334
2019-12-13,DOCU,Buy,73.72000122070312
2019-12-13,SAVA,Buy,1.8799999952316284
2019-12-13,GNLN,Sell,2.819999933242798
2019-12-13,SNDL,Sell,2.5199999809265137
2019-12-13,ROKU,Sell,132.49000549316406
2019-12-13,PDD,Sell,36.459999084472656
2019-12-16,GNLN,Sell,2.990000009536743
2019-12-16,TSLA,Buy,381.5
2019-12-16,PDD,Buy,38.68000030517578
2019-12-16,DOCU,Buy,73.63999938964844
2019-12-16,SAVA,Buy,1.850000023841858
2019-12-16,ROKU,Buy,138.35000610351562
2019-12-16,SNDL,Sell,2.5299999713897705
2019-12-16,TBIO,Sell,8.899999618530273
2019-12-16,CMLS,Sell,17.5
2019-12-16,AVGR,Sell,1.1699999570846558
2019-12-17,SNDL,Sell,2.549999952316284
2019-12-17,PDD,Sell,38.709999084472656
2019-12-17,TBIO,Sell,8.640000343322754
2019-12-17,ROKU,Sell,135.27999877929688
2019-12-17,AVGR,Sell,1.2000000476837158
2019-12-17,CMLS,Sell,17.18000030517578
2019-12-17,TSLA,Buy,378.989990234375
2019-12-17,SAVA,Buy,1.7699999809265137
2019-12-17,GNLN,Buy,2.9100000858306885
2019-12-17,DOCU,Buy,73.62999725341797
2019-12-18,AVGR,Buy,1.2599999904632568
2019-12-18,CMLS,Sell,17.079999923706055
2019-12-18,SAVA,Sell,1.6799999475479126
2019-12-18,SNDL,Sell,2.289999961853028
2019-12-18,DOCU,Sell,73.55000305175781
2019-12-18,ROKU,Sell,134.44000244140625
2019-12-18,TBIO,Sell,8.649999618530273
2019-12-18,PDD,Buy,37.720001220703125
2019-12-18,GNLN,Buy,2.819999933242798
2019-12-18,TSLA,Buy,393.1499938964844
2019-12-19,GNLN,Buy,2.75
2019-12-19,DOCU,Buy,73.37999725341797
2019-12-19,SAVA,Buy,1.899999976158142
2019-12-19,PDD,Buy,37.52000045776367
2019-12-19,CMLS,Sell,16.979999542236328
2019-12-19,TSLA,Buy,404.0400085449219
2019-12-19,ROKU,Buy,137.72999572753906
2019-12-19,TBIO,Buy,8.40999984741211
2019-12-19,AVGR,Buy,1.2100000381469729
2019-12-19,SNDL,Buy,2.400000095367432
2019-12-20,CMLS,Sell,16.9950008392334
2019-12-20,GNLN,Sell,2.799999952316284
2019-12-20,SAVA,Sell,2.25
2019-12-20,TSLA,Sell,405.5899963378906
2019-12-20,PDD,Buy,37.36000061035156
2019-12-20,ROKU,Buy,136.88999938964844
2019-12-20,TBIO,Buy,8.420000076293945
2019-12-20,AVGR,Buy,1.2899999618530271
2019-12-20,DOCU,Sell,74.18000030517578
2019-12-20,SNDL,Sell,2.319999933242798
2019-12-23,PDD,Sell,37.88999938964844
2019-12-23,SNDL,Sell,2.369999885559082
2019-12-23,GNLN,Sell,2.690000057220459
2019-12-23,TSLA,Buy,419.2200012207031
2019-12-23,CMLS,Buy,17.920000076293945
2019-12-23,ROKU,Buy,140.13999938964844
2019-12-23,DOCU,Buy,73.3499984741211
2019-12-23,AVGR,Buy,1.305999994277954
2019-12-23,SAVA,Sell,3.5899999141693115
2019-12-23,TBIO,Sell,8.8100004196167
2019-12-24,SAVA,Sell,4.550000190734863
2019-12-24,PDD,Sell,38.040000915527344
2019-12-24,AVGR,Sell,1.2599999904632568
2019-12-24,TSLA,Buy,425.25
2019-12-24,GNLN,Buy,2.609999895095825
2019-12-24,CMLS,Buy,17.940000534057617
2019-12-24,ROKU,Buy,145.57000732421875
2019-12-24,DOCU,Buy,73.69999694824219
2019-12-24,SNDL,Sell,2.390000104904175
2019-12-24,TBIO,Sell,8.960000038146973
2019-12-26,AVGR,Sell,1.2400000095367432
2019-12-26,GNLN,Sell,3.059999942779541
2019-12-26,CMLS,Sell,17.899999618530273
2019-12-26,TBIO,Sell,8.520000457763672
2019-12-26,SNDL,Sell,2.390000104904175
2019-12-26,SAVA,Sell,4.03000020980835
2019-12-26,TSLA,Buy,430.9400024414063
2019-12-26,PDD,Buy,38.56999969482422
2019-12-26,DOCU,Buy,74.44000244140625
2019-12-26,ROKU,Buy,144.60000610351562
2019-12-27,DOCU,Buy,74.38999938964844
2019-12-27,TBIO,Sell,8.15999984741211
2019-12-27,TSLA,Buy,430.3800048828125
2019-12-27,CMLS,Buy,17.600000381469727
2019-12-27,GNLN,Buy,3.200000047683716
2019-12-27,AVGR,Buy,1.1399999856948853
2019-12-27,PDD,Buy,39.2400016784668
2019-12-27,SNDL,Sell,2.2699999809265137
2019-12-27,ROKU,Sell,139.52000427246094
2019-12-27,SAVA,Sell,5.210000038146973
2019-12-30,AVGR,Sell,1.1299999952316284
2019-12-30,TBIO,Sell,8.359999656677246
2019-12-30,TSLA,Buy,414.7000122070313
2019-12-30,PDD,Sell,38.150001525878906
2019-12-30,SAVA,Sell,6.119999885559082
2019-12-30,SNDL,Sell,2.4800000190734863
2019-12-30,DOCU,Buy,73.75
2019-12-30,ROKU,Sell,131.60000610351562
2019-12-30,CMLS,Sell,17.450000762939453
2019-12-30,GNLN,Sell,3.130000114440918
2019-12-31,ROKU,Sell,133.89999389648438
2019-12-31,GNLN,Sell,3.255000114440918
2019-12-31,TBIO,Sell,8.140000343322754
2019-12-31,CMLS,Sell,17.56999969482422
2019-12-31,SAVA,Sell,5.199999809265137
2019-12-31,PDD,Sell,37.81999969482422
2019-12-31,TSLA,Buy,418.3299865722656
2019-12-31,DOCU,Buy,74.11000061035156
2019-12-31,AVGR,Buy,1.1399999856948853
2020-01-02,PDD,Buy,41.22999954223633
2020-01-02,ROKU,Buy,137.10000610351562
2020-01-02,SNDL,Sell,3.0299999713897705
2020-01-02,CMLS,Sell,16.950000762939453
2020-01-02,TSLA,Buy,430.260009765625
2020-01-02,DOCU,Buy,75.9000015258789
2020-01-02,GNLN,Buy,3.4200000762939453
2020-01-02,SAVA,Buy,7.199999809265137
2020-01-02,AVGR,Buy,1.190000057220459
2020-01-02,TBIO,Sell,7.900000095367432
2020-01-03,CMLS,Sell,16.469999313354492
2020-01-03,GNLN,Sell,3.25
2020-01-03,AVGR,Sell,1.1699999570846558
2020-01-03,TSLA,Buy,443.010009765625
2020-01-03,DOCU,Buy,75.55999755859375
2020-01-03,SAVA,Buy,9.649999618530272
2020-01-03,TBIO,Buy,7.5
2020-01-03,ROKU,Buy,137.50999450683594
2020-01-03,SNDL,Sell,2.890000104904175
2020-01-03,PDD,Sell,40.88999938964844
2020-01-06,AVGR,Sell,1.2200000286102295
2020-01-06,DOCU,Sell,75.38999938964844
2020-01-06,CMLS,Sell,16.459999084472656
2020-01-06,SNDL,Sell,2.970000028610229
2020-01-06,TSLA,Buy,451.5400085449219
2020-01-06,PDD,Buy,40.09000015258789
2020-01-06,SAVA,Buy,8.630000114440918
2020-01-06,TBIO,Buy,7.440000057220459
2020-01-06,GNLN,Buy,3.069999933242798
2020-01-06,ROKU,Sell,143.3699951171875
2020-01-07,ROKU,Sell,138.19000244140625
2020-01-07,SAVA,Sell,7.699999809265137
2020-01-07,PDD,Sell,41.209999084472656
2020-01-07,TBIO,Buy,7.550000190734863
2020-01-07,CMLS,Sell,16.299999237060547
2020-01-07,DOCU,Sell,75.23999786376953
2020-01-07,TSLA,Buy,469.05999755859375
2020-01-07,SNDL,Buy,2.8399999141693115
2020-01-07,GNLN,Buy,3.0199999809265137
2020-01-07,AVGR,Buy,1.2200000286102295
2020-01-08,SAVA,Buy,8.600000381469727
2020-01-08,PDD,Sell,40.5
2020-01-08,TSLA,Buy,492.1400146484375
2020-01-08,AVGR,Buy,1.25
2020-01-08,ROKU,Buy,134.63999938964844
2020-01-08,SNDL,Buy,2.7100000381469727
2020-01-08,TBIO,Buy,7.71999979019165
2020-01-08,GNLN,Sell,3.049999952316284
2020-01-08,DOCU,Sell,76.2699966430664
2020-01-08,CMLS,Sell,16.459999084472656
2020-01-09,CMLS,Sell,16.420000076293945
2020-01-09,PDD,Sell,39.65999984741211
2020-01-09,DOCU,Sell,75.80000305175781
2020-01-09,SNDL,Sell,3.0
2020-01-09,SAVA,Sell,7.929999828338623
2020-01-09,TSLA,Buy,481.3399963378906
2020-01-09,ROKU,Buy,133.7899932861328
2020-01-09,AVGR,Buy,1.25
2020-01-09,TBIO,Buy,8.15999984741211
2020-01-09,GNLN,Buy,2.9600000381469727
2020-01-10,CMLS,Sell,15.84000015258789
2020-01-10,AVGR,Sell,1.2000000476837158
2020-01-10,SAVA,Sell,8.149999618530273
2020-01-10,DOCU,Sell,74.83000183105469
2020-01-10,SNDL,Sell,2.75
2020-01-10,PDD,Sell,38.41999816894531
2020-01-10,TSLA,Buy,478.1499938964844
2020-01-10,ROKU,Buy,128.39999389648438
2020-01-10,TBIO,Buy,7.900000095367432
2020-01-10,GNLN,Buy,2.9100000858306885
2020-01-13,AVGR,Buy,1.184999942779541
2020-01-13,PDD,Sell,39.34999847412109
2020-01-13,ROKU,Sell,133.92999267578125
2020-01-13,GNLN,Sell,2.859999895095825
2020-01-13,DOCU,Sell,74.1500015258789
2020-01-13,CMLS,Sell,16.18000030517578
2020-01-13,TBIO,Sell,7.639999866485596
2020-01-13,TSLA,Buy,524.8599853515625
2020-01-13,SNDL,Buy,2.900000095367432
2020-01-13,SAVA,Buy,6.989999771118164
2020-01-14,AVGR,Buy,1.0800000429153442
2020-01-14,TSLA,Buy,537.9199829101562
2020-01-14,ROKU,Buy,133.4199981689453
2020-01-14,SNDL,Buy,2.869999885559082
2020-01-14,TBIO,Buy,7.849999904632568
2020-01-14,CMLS,Buy,15.899999618530272
2020-01-14,DOCU,Sell,72.80000305175781
2020-01-14,GNLN,Sell,2.970000028610229
2020-01-14,SAVA,Sell,7.519999980926514
2020-01-14,PDD,Sell,38.02000045776367
2020-01-15,TBIO,Sell,8.550000190734863
2020-01-15,DOCU,Sell,73.02999877929688
2020-01-15,TSLA,Buy,518.5
2020-01-15,GNLN,Buy,2.8299999237060547
2020-01-15,PDD,Buy,38.66999816894531
2020-01-15,SAVA,Buy,8.449999809265137
2020-01-15,AVGR,Buy,1.0499999523162842
2020-01-15,SNDL,Sell,3.369999885559082
2020-01-15,CMLS,Sell,15.8100004196167
2020-01-15,ROKU,Sell,132.5
2020-01-16,SNDL,Sell,3.2699999809265137
2020-01-16,PDD,Sell,39.5099983215332
2020-01-16,DOCU,Sell,73.08000183105469
2020-01-16,GNLN,Sell,3.069999933242798
2020-01-16,AVGR,Sell,1.0700000524520874
2020-01-16,SAVA,Sell,8.630000114440918
2020-01-16,TSLA,Buy,513.489990234375
2020-01-16,TBIO,Buy,8.34000015258789
2020-01-16,CMLS,Buy,15.84000015258789
2020-01-16,ROKU,Buy,131.07000732421875
2020-01-17,ROKU,Buy,130.3800048828125
2020-01-17,SAVA,Sell,8.25
2020-01-17,AVGR,Buy,1.1399999856948853
2020-01-17,TBIO,Sell,8.039999961853027
2020-01-17,PDD,Sell,39.43000030517578
2020-01-17,DOCU,Sell,72.52999877929688
2020-01-17,GNLN,Sell,3.109999895095825
2020-01-17,SNDL,Sell,3.4600000381469727
2020-01-17,CMLS,Sell,15.40999984741211
2020-01-17,TSLA,Buy,510.5
2020-01-21,DOCU,Buy,73.12999725341797
2020-01-21,SNDL,Buy,3.3499999046325684
2020-01-21,ROKU,Buy,136.6300048828125
2020-01-21,TSLA,Buy,547.2000122070312
2020-01-21,SAVA,Buy,7.889999866485596
2020-01-21,PDD,Buy,39.34000015258789
2020-01-21,GNLN,Buy,2.9100000858306885
2020-01-21,AVGR,Buy,1.2100000381469729
2020-01-21,TBIO,Sell,8.069999694824219
2020-01-21,CMLS,Sell,15.40999984741211
2020-01-22,TSLA,Buy,569.5599975585938
2020-01-22,AVGR,Buy,1.1200000047683716
2020-01-22,SNDL,Buy,3.0899999141693115
2020-01-22,ROKU,Buy,132.42999267578125
2020-01-22,PDD,Buy,38.790000915527344
2020-01-22,SAVA,Sell,8.100000381469727
2020-01-22,DOCU,Sell,74.4000015258789
2020-01-22,CMLS,Sell,15.140000343322754
2020-01-22,GNLN,Sell,3.0299999713897705
2020-01-22,TBIO,Sell,8.350000381469727
2020-01-23,DOCU,Sell,74.33000183105469
2020-01-23,GNLN,Sell,3.009999990463257
2020-01-23,AVGR,Sell,1.0700000524520874
2020-01-23,PDD,Sell,38.369998931884766
2020-01-23,SNDL,Sell,2.8299999237060547
2020-01-23,TBIO,Sell,8.699999809265137
2020-01-23,ROKU,Buy,134.07000732421875
2020-01-23,CMLS,Buy,15.029999732971191
2020-01-24,CMLS,Buy,14.420000076293944
2020-01-24,TSLA,Buy,564.8200073242188
2020-01-24,PDD,Buy,37.34000015258789
2020-01-24,SAVA,Buy,7.179999828338623
2020-01-24,TBIO,Buy,8.050000190734863
2020-01-24,DOCU,Buy,74.18000030517578
2020-01-24,AVGR,Sell,1.0
2020-01-24,ROKU,Sell,130.08999633789062
2020-01-24,GNLN,Sell,2.8499999046325684
2020-01-24,SNDL,Sell,2.630000114440918
2020-01-27,DOCU,Sell,72.7699966430664
2020-01-27,AVGR,Sell,0.8759999871253967
2020-01-27,GNLN,Sell,2.7300000190734863
2020-01-27,CMLS,Sell,14.149999618530272
2020-01-27,TSLA,Buy,558.02001953125
2020-01-27,PDD,Buy,36.59000015258789
2020-01-27,TBIO,Buy,7.889999866485596
2020-01-27,ROKU,Buy,126.20999908447266
2020-01-27,SAVA,Buy,7.150000095367432
2020-01-27,SNDL,Sell,2.5199999809265137
2020-01-28,TSLA,Buy,566.9000244140625
2020-01-28,AVGR,Buy,0.8669999837875366
2020-01-28,CMLS,Buy,14.479999542236328
2020-01-28,TBIO,Buy,7.840000152587891
2020-01-28,SAVA,Buy,8.65999984741211
2020-01-28,ROKU,Sell,129.61000061035156
2020-01-28,SNDL,Sell,2.640000104904175
2020-01-28,PDD,Sell,36.959999084472656
2020-01-28,DOCU,Sell,74.93000030517578
2020-01-28,GNLN,Sell,2.720000028610229
2020-01-29,DOCU,Sell,76.91999816894531
2020-01-29,TSLA,Buy,580.989990234375
2020-01-29,AVGR,Buy,0.6330000162124634
2020-01-29,PDD,Buy,36.7400016784668
2020-01-29,TBIO,Buy,7.710000038146973
2020-01-29,SAVA,Buy,8.289999961853027
2020-01-29,CMLS,Sell,14.1899995803833
2020-01-29,ROKU,Sell,128.8800048828125
2020-01-29,GNLN,Sell,2.630000114440918
2020-01-29,SNDL,Sell,2.5799999237060547
2020-01-30,GNLN,Sell,2.539999961853028
2020-01-30,CMLS,Sell,13.899999618530272
2020-01-30,DOCU,Sell,79.11000061035156
2020-01-30,TSLA,Buy,640.8099975585938
2020-01-30,PDD,Buy,35.93000030517578
2020-01-30,TBIO,Buy,7.53000020980835
2020-01-30,SAVA,Buy,8.029999732971191
2020-01-30,SNDL,Buy,1.5099999904632568
2020-01-30,ROKU,Sell,130.63999938964844
2020-01-30,AVGR,Sell,0.6140000224113464
2020-01-31,AVGR,Sell,0.6100000143051147
2020-01-31,ROKU,Sell,120.9499969482422
2020-01-31,PDD,Sell,35.220001220703125
2020-01-31,CMLS,Sell,14.0
2020-01-31,GNLN,Sell,2.440000057220459
2020-01-31,TSLA,Buy,650.5700073242188
2020-01-31,DOCU,Buy,78.51000213623047
2020-01-31,SAVA,Buy,8.149999618530273
2020-01-31,TBIO,Buy,7.170000076293945
2020-01-31,SNDL,Buy,1.2000000476837158
2020-02-03,AVGR,Sell,0.625
2020-02-03,TSLA,Buy,780.0
2020-02-03,CMLS,Buy,14.149999618530272
2020-02-03,GNLN,Buy,2.109999895095825
2020-02-03,SNDL,Buy,1.350000023841858
2020-02-03,SAVA,Buy,8.119999885559082
2020-02-03,ROKU,Sell,127.5
2020-02-03,TBIO,Sell,7.010000228881836
2020-02-03,PDD,Sell,35.790000915527344
2020-02-03,DOCU,Sell,80.62999725341797
2020-02-04,DOCU,Sell,82.0199966430664
2020-02-04,SAVA,Sell,8.350000381469727
2020-02-04,ROKU,Sell,131.02999877929688
2020-02-04,TSLA,Buy,887.0599975585938
2020-02-04,TBIO,Buy,7.300000190734863
2020-02-04,PDD,Buy,36.5099983215332
2020-02-04,AVGR,Buy,0.6100000143051147
2020-02-04,GNLN,Buy,2.180000066757202
2020-02-04,CMLS,Sell,14.229999542236328
2020-02-04,SNDL,Sell,1.4500000476837158
2020-02-05,DOCU,Sell,80.73999786376953
2020-02-05,SNDL,Sell,1.309999942779541
2020-02-05,ROKU,Sell,125.94000244140624
2020-02-05,GNLN,Sell,2.0999999046325684
2020-02-05,SAVA,Sell,8.460000038146973
2020-02-05,TSLA,Buy,734.7000122070312
2020-02-05,AVGR,Buy,0.6069999933242798
2020-02-05,CMLS,Buy,14.460000038146973
2020-02-05,PDD,Buy,35.720001220703125
2020-02-05,TBIO,Buy,7.610000133514404
2020-02-06,CMLS,Sell,14.40999984741211
2020-02-06,GNLN,Sell,2.3550000190734863
2020-02-06,SAVA,Sell,8.25
2020-02-06,SNDL,Sell,1.2899999618530271
2020-02-06,AVGR,Sell,0.6100000143051147
2020-02-06,PDD,Sell,36.380001068115234
2020-02-06,TSLA,Buy,748.9600219726562
2020-02-06,DOCU,Buy,81.44000244140625
2020-02-06,ROKU,Buy,126.16000366210938
2020-02-06,TBIO,Buy,7.71999979019165
2020-02-07,GNLN,Buy,2.150000095367432
2020-02-07,AVGR,Sell,0.6000000238418579
2020-02-07,DOCU,Sell,83.16000366210938
2020-02-07,TBIO,Sell,7.510000228881836
2020-02-07,TSLA,Buy,748.0700073242188
2020-02-07,CMLS,Buy,13.989999771118164
2020-02-07,PDD,Buy,34.279998779296875
2020-02-07,SNDL,Buy,1.2100000381469729
2020-02-07,SAVA,Buy,7.900000095367432
2020-02-07,ROKU,Sell,124.25
2020-02-10,ROKU,Sell,132.2100067138672
2020-02-10,GNLN,Sell,2.0299999713897705
2020-02-10,DOCU,Sell,84.61000061035156
2020-02-10,TSLA,Buy,771.280029296875
2020-02-10,CMLS,Buy,14.100000381469728
2020-02-10,AVGR,Buy,0.6290000081062317
2020-02-10,SAVA,Buy,7.880000114440918
2020-02-10,PDD,Buy,34.5
2020-02-10,TBIO,Sell,7.880000114440918
2020-02-10,SNDL,Sell,1.1399999856948853
2020-02-11,GNLN,Sell,2.130000114440918
2020-02-11,TBIO,Sell,7.949999809265137
2020-02-11,AVGR,Sell,0.6399999856948853
2020-02-11,PDD,Sell,36.0
2020-02-11,CMLS,Sell,14.380000114440918
2020-02-11,TSLA,Buy,774.3800048828125
2020-02-11,SNDL,Buy,1.190000057220459
2020-02-11,SAVA,Buy,7.849999904632568
2020-02-11,DOCU,Buy,85.33000183105469
2020-02-11,ROKU,Buy,137.0
2020-02-12,AVGR,Sell,0.6359999775886536
2020-02-12,SNDL,Sell,1.1699999570846558
2020-02-12,TSLA,Buy,767.2899780273438
2020-02-12,TBIO,Buy,7.889999866485596
2020-02-12,SAVA,Buy,7.840000152587891
2020-02-12,PDD,Buy,36.810001373291016
2020-02-12,ROKU,Buy,138.2899932861328
2020-02-12,DOCU,Sell,87.33000183105469
2020-02-12,GNLN,Sell,2.180000066757202
2020-02-12,CMLS,Sell,14.619999885559082
2020-02-13,SAVA,Sell,7.730000019073486
2020-02-13,SNDL,Sell,1.1799999475479126
2020-02-13,CMLS,Sell,14.640000343322754
2020-02-13,TBIO,Sell,8.0
2020-02-13,ROKU,Sell,139.0500030517578
2020-02-13,DOCU,Sell,88.02999877929688
2020-02-13,GNLN,Sell,2.2699999809265137
2020-02-13,PDD,Sell,37.41999816894531
2020-02-14,CMLS,Buy,14.529999732971191
2020-02-14,DOCU,Buy,89.41000366210938
2020-02-14,TBIO,Buy,7.840000152587891
2020-02-14,GNLN,Buy,2.400000095367432
2020-02-14,ROKU,Sell,130.25
2020-02-14,TSLA,Buy,800.030029296875
2020-02-14,AVGR,Buy,0.6190000176429749
2020-02-14,PDD,Buy,37.119998931884766
2020-02-14,SAVA,Buy,7.260000228881836
2020-02-14,SNDL,Buy,1.350000023841858
2020-02-18,DOCU,Sell,90.76000213623048
2020-02-18,ROKU,Sell,127.1500015258789
2020-02-18,AVGR,Sell,0.6129999756813049
2020-02-18,GNLN,Sell,2.6600000858306885
2020-02-18,TSLA,Buy,858.4000244140625
2020-02-18,TBIO,Buy,7.989999771118164
2020-02-18,CMLS,Buy,14.43000030517578
2020-02-18,SAVA,Buy,7.199999809265137
2020-02-18,SNDL,Buy,1.340000033378601
2020-02-18,PDD,Sell,36.43999862670898
2020-02-19,PDD,Sell,37.130001068115234
2020-02-19,TSLA,Buy,917.4199829101562
2020-02-19,CMLS,Buy,14.220000267028809
2020-02-19,ROKU,Buy,126.55999755859376
2020-02-19,GNLN,Buy,2.609999895095825
2020-02-19,DOCU,Buy,91.48999786376952
2020-02-19,SNDL,Sell,1.350000023841858
2020-02-19,SAVA,Sell,6.829999923706055
2020-02-19,AVGR,Sell,0.6520000100135803
2020-02-19,TBIO,Sell,8.020000457763672
2020-02-20,DOCU,Sell,90.30999755859376
2020-02-20,TSLA,Buy,899.4099731445312
2020-02-20,TBIO,Buy,7.889999866485596
2020-02-20,ROKU,Buy,124.08000183105467
2020-02-20,PDD,Buy,36.31999969482422
2020-02-20,SNDL,Buy,1.399999976158142
2020-02-20,CMLS,Sell,14.149999618530272
2020-02-20,SAVA,Sell,7.059999942779541
2020-02-20,GNLN,Sell,2.490000009536743
2020-02-20,AVGR,Sell,0.6399999856948853
2020-02-21,DOCU,Sell,88.7300033569336
2020-02-21,AVGR,Sell,0.6700000166893005
2020-02-21,TSLA,Buy,901.0
2020-02-21,PDD,Buy,34.56999969482422
2020-02-21,TBIO,Buy,7.889999866485596
2020-02-21,GNLN,Buy,2.4800000190734863
2020-02-21,SNDL,Buy,1.5299999713897705
2020-02-21,SAVA,Sell,7.619999885559082
2020-02-21,CMLS,Sell,14.239999771118164
2020-02-21,ROKU,Sell,119.37999725341795
2020-02-24,SNDL,Sell,1.5700000524520874
2020-02-24,SAVA,Sell,7.369999885559082
2020-02-24,CMLS,Sell,14.010000228881836
2020-02-24,ROKU,Sell,116.98999786376952
2020-02-24,DOCU,Sell,86.37000274658203
2020-02-24,AVGR,Sell,0.6470000147819519
2020-02-24,PDD,Sell,33.13999938964844
2020-02-24,GNLN,Buy,2.3399999141693115
2020-02-25,PDD,Buy,32.79999923706055
2020-02-25,TBIO,Buy,7.28000020980835
2020-02-25,DOCU,Buy,83.05999755859375
2020-02-25,ROKU,Sell,118.66999816894533
2020-02-25,SNDL,Sell,1.4900000095367432
2020-02-25,TSLA,Buy,799.9099731445312
2020-02-25,CMLS,Buy,13.31999969482422
2020-02-25,AVGR,Buy,0.6039999723434448
2020-02-25,SAVA,Buy,6.849999904632568
2020-02-25,GNLN,Buy,2.1600000858306885
2020-02-26,AVGR,Sell,0.5799999833106995
2020-02-26,DOCU,Sell,83.58000183105469
2020-02-26,PDD,Sell,34.529998779296875
2020-02-26,CMLS,Sell,13.06999969482422
2020-02-26,SNDL,Sell,1.4600000381469729
2020-02-26,ROKU,Sell,112.70999908447266
2020-02-26,GNLN,Sell,2.1700000762939453
2020-02-26,TBIO,Sell,7.239999771118164
2020-02-26,SAVA,Sell,6.429999828338623
2020-02-26,TSLA,Buy,778.7999877929688
2020-02-27,DOCU,Buy,83.20999908447266
2020-02-27,PDD,Buy,35.18000030517578
2020-02-27,GNLN,Buy,2.109999895095825
2020-02-27,SNDL,Buy,1.4299999475479126
2020-02-27,TBIO,Sell,7.25
2020-02-27,TSLA,Buy,679.0
2020-02-27,CMLS,Buy,12.09000015258789
2020-02-27,SAVA,Buy,5.940000057220459
2020-02-27,AVGR,Buy,0.5149999856948853
2020-02-27,ROKU,Buy,110.02999877929688
2020-02-28,CMLS,Sell,12.050000190734863
2020-02-28,SAVA,Sell,5.610000133514404
2020-02-28,PDD,Sell,35.779998779296875
2020-02-28,SNDL,Sell,1.4199999570846558
2020-02-28,DOCU,Sell,86.30999755859375
2020-02-28,TBIO,Sell,7.579999923706055
2020-02-28,TSLA,Buy,667.989990234375
2020-02-28,AVGR,Buy,0.6100000143051147
2020-02-28,GNLN,Buy,2.140000104904175
2020-02-28,ROKU,Buy,113.66999816894533
2020-03-02,SAVA,Buy,6.46999979019165
2020-03-02,TSLA,Buy,743.6199951171875
2020-03-02,AVGR,Buy,0.5820000171661377
2020-03-02,TBIO,Buy,7.75
2020-03-02,CMLS,Buy,11.979999542236328
2020-03-02,GNLN,Buy,2.0
2020-03-02,PDD,Sell,37.5099983215332
2020-03-02,SNDL,Sell,1.4800000190734863
2020-03-02,DOCU,Sell,87.95999908447266
2020-03-02,ROKU,Sell,114.66999816894533
2020-03-03,CMLS,Sell,11.414999961853027
2020-03-03,SAVA,Sell,6.179999828338623
2020-03-03,TBIO,Sell,7.659999847412109
2020-03-03,AVGR,Sell,0.5799999833106995
2020-03-03,ROKU,Sell,108.62000274658205
2020-03-03,TSLA,Buy,745.510009765625
2020-03-03,GNLN,Buy,1.909999966621399
2020-03-03,PDD,Buy,35.790000915527344
2020-03-03,DOCU,Buy,85.80999755859375
2020-03-03,SNDL,Buy,1.4800000190734863
2020-03-04,DOCU,Sell,89.55000305175781
2020-03-04,AVGR,Sell,0.5839999914169312
2020-03-04,TSLA,Buy,749.5
2020-03-04,TBIO,Buy,7.880000114440918
2020-03-04,PDD,Buy,36.290000915527344
2020-03-04,CMLS,Buy,11.460000038146973
2020-03-04,GNLN,Buy,1.9600000381469729
2020-03-04,ROKU,Sell,109.61000061035156
2020-03-04,SAVA,Sell,6.010000228881836
2020-03-04,SNDL,Sell,1.649999976158142
2020-03-05,SNDL,Sell,1.4500000476837158
2020-03-05,AVGR,Sell,0.6690000295639038
2020-03-05,DOCU,Sell,88.5999984741211
2020-03-05,TBIO,Sell,7.769999980926514
2020-03-05,ROKU,Sell,106.44000244140624
2020-03-05,SAVA,Sell,6.119999885559082
2020-03-05,CMLS,Sell,10.600000381469728
2020-03-05,GNLN,Sell,1.8600000143051147
2020-03-06,SAVA,Buy,6.039999961853027
2020-03-06,PDD,Buy,36.7599983215332
2020-03-06,ROKU,Buy,102.0199966430664
2020-03-06,TSLA,Buy,703.47998046875
2020-03-06,GNLN,Buy,1.7300000190734863
2020-03-06,TBIO,Buy,7.400000095367432
2020-03-06,DOCU,Buy,84.0199966430664
2020-03-06,SNDL,Buy,1.3300000429153442
2020-03-06,AVGR,Sell,0.5339999794960022
2020-03-06,CMLS,Sell,9.760000228881836
2020-03-09,ROKU,Sell,96.26000213623048
2020-03-09,SNDL,Sell,1.2200000286102295
2020-03-09,CMLS,Sell,8.149999618530273
2020-03-09,TSLA,Buy,608.0
2020-03-09,TBIO,Buy,7.360000133514404
2020-03-09,AVGR,Buy,0.4639999866485595
2020-03-09,PDD,Buy,36.5099983215332
2020-03-09,GNLN,Buy,1.6200000047683716
2020-03-09,DOCU,Sell,77.62999725341797
2020-03-09,SAVA,Sell,4.860000133514404
2020-03-10,TSLA,Buy,645.3300170898438
2020-03-10,TBIO,Buy,7.320000171661377
2020-03-10,CMLS,Buy,8.010000228881836
2020-03-10,AVGR,Buy,0.4580000042915344
2020-03-10,DOCU,Buy,79.81999969482422
2020-03-10,SNDL,Sell,1.059999942779541
2020-03-10,SAVA,Sell,4.980000019073486
2020-03-10,ROKU,Sell,97.3000030517578
2020-03-10,PDD,Sell,37.68999862670898
2020-03-10,GNLN,Sell,1.5499999523162842
2020-03-11,SNDL,Sell,0.9110000133514404
2020-03-11,AVGR,Sell,0.4269999861717224
2020-03-11,PDD,Sell,35.060001373291016
2020-03-11,TSLA,Buy,634.22998046875
2020-03-11,GNLN,Buy,1.440000057220459
2020-03-11,SAVA,Buy,4.239999771118164
2020-03-11,ROKU,Buy,90.62999725341795
2020-03-11,TBIO,Buy,7.429999828338623
2020-03-11,CMLS,Sell,6.849999904632568
2020-03-11,DOCU,Sell,75.0
2020-03-12,DOCU,Sell,68.68000030517578
2020-03-12,TBIO,Sell,8.09000015258789
2020-03-12,CMLS,Sell,4.960000038146973
2020-03-12,SNDL,Sell,0.8100000023841858
2020-03-12,AVGR,Sell,0.3709999918937683
2020-03-12,SAVA,Sell,3.259999990463257
2020-03-12,GNLN,Sell,1.399999976158142
2020-03-12,PDD,Sell,32.810001373291016
2020-03-13,TBIO,Buy,8.930000305175781
2020-03-13,SAVA,Buy,4.130000114440918
2020-03-13,DOCU,Buy,77.31999969482422
2020-03-13,ROKU,Buy,80.94999694824219
2020-03-13,SNDL,Sell,0.7440000176429749
2020-03-13,CMLS,Sell,6.389999866485596
2020-03-13,AVGR,Sell,0.3810000121593475
2020-03-13,PDD,Sell,33.7599983215332
2020-03-13,GNLN,Sell,1.5
2020-03-13,TSLA,Buy,546.6199951171875
2020-03-16,TBIO,Buy,9.020000457763672
2020-03-16,SNDL,Buy,0.6800000071525574
2020-03-16,AVGR,Buy,0.4099999964237213
2020-03-16,SAVA,Buy,3.9800000190734863
2020-03-16,ROKU,Sell,63.84000015258789
2020-03-16,TSLA,Buy,445.0700073242188
2020-03-16,DOCU,Buy,72.30999755859375
2020-03-16,PDD,Buy,32.189998626708984
2020-03-16,GNLN,Buy,1.2100000381469729
2020-03-16,CMLS,Buy,5.949999809265137
2020-03-17,TBIO,Sell,9.899999618530272
2020-03-17,TSLA,Buy,430.2000122070313
2020-03-17,PDD,Buy,33.38999938964844
2020-03-17,AVGR,Buy,0.3899999856948852
2020-03-17,SAVA,Buy,3.660000085830689
2020-03-17,ROKU,Buy,69.45999908447266
2020-03-17,SNDL,Sell,0.6700000166893005
2020-03-17,GNLN,Sell,1.2899999618530271
2020-03-17,DOCU,Sell,70.94000244140625
2020-03-17,CMLS,Sell,6.590000152587891
2020-03-18,ROKU,Sell,67.5
2020-03-18,CMLS,Sell,4.650000095367432
2020-03-18,SAVA,Sell,3.799999952316284
2020-03-18,DOCU,Sell,76.61000061035156
2020-03-18,TSLA,Buy,361.2200012207031
2020-03-18,GNLN,Buy,1.2699999809265137
2020-03-18,AVGR,Buy,0.3219999969005584
2020-03-18,SNDL,Buy,0.6100000143051147
2020-03-18,TBIO,Buy,8.920000076293945
2020-03-18,PDD,Sell,31.770000457763672
2020-03-19,CMLS,Sell,5.21999979019165
2020-03-19,AVGR,Sell,0.3510000109672546
2020-03-19,DOCU,Sell,75.87999725341797
2020-03-19,TSLA,Buy,427.6400146484375
2020-03-19,TBIO,Buy,9.0
2020-03-19,PDD,Buy,33.79999923706055
2020-03-19,SNDL,Buy,0.6990000009536743
2020-03-19,GNLN,Buy,1.8799999952316284
2020-03-19,SAVA,Sell,4.230000019073486
2020-03-19,ROKU,Sell,74.12000274658203
2020-03-20,PDD,Sell,33.56999969482422
2020-03-20,ROKU,Sell,76.12999725341797
2020-03-20,TBIO,Sell,9.770000457763672
2020-03-20,GNLN,Sell,1.9299999475479128
2020-03-20,TSLA,Buy,427.5299987792969
2020-03-20,SAVA,Buy,3.869999885559082
2020-03-20,DOCU,Buy,79.69999694824219
2020-03-20,SNDL,Buy,0.7900000214576721
2020-03-20,CMLS,Buy,5.269999980926514
2020-03-20,AVGR,Sell,0.3849999904632568
2020-03-23,AVGR,Sell,0.3840000033378601
2020-03-23,TBIO,Sell,10.289999961853027
2020-03-23,ROKU,Sell,89.45999908447266
2020-03-23,TSLA,Buy,434.2900085449219
2020-03-23,SNDL,Buy,0.75
2020-03-23,SAVA,Buy,4.159999847412109
2020-03-23,CMLS,Buy,4.5
2020-03-23,PDD,Buy,34.099998474121094
2020-03-23,GNLN,Sell,1.7300000190734863
2020-03-23,DOCU,Sell,83.5
2020-03-24,SNDL,Sell,0.7940000295639038
2020-03-24,TSLA,Buy,505.0
2020-03-24,SAVA,Buy,4.360000133514404
2020-03-24,ROKU,Buy,97.1999969482422
2020-03-24,TBIO,Buy,9.850000381469728
2020-03-24,AVGR,Buy,0.4090000092983246
2020-03-24,GNLN,Sell,2.0
2020-03-24,PDD,Sell,36.04999923706055
2020-03-24,CMLS,Sell,4.730000019073486
2020-03-24,DOCU,Sell,85.0
2020-03-25,AVGR,Sell,0.460999995470047
2020-03-25,SAVA,Sell,4.150000095367432
2020-03-25,ROKU,Sell,94.8499984741211
2020-03-25,CMLS,Sell,5.980000019073486
2020-03-25,TBIO,Sell,9.960000038146973
2020-03-25,TSLA,Buy,539.25
2020-03-25,PDD,Buy,37.2599983215332
2020-03-25,DOCU,Buy,81.37000274658203
2020-03-25,GNLN,Buy,2.109999895095825
2020-03-25,SNDL,Buy,0.8199999928474426
2020-03-26,TSLA,Buy,528.1599731445312
2020-03-26,DOCU,Buy,83.66000366210938
2020-03-26,PDD,Buy,37.0099983215332
2020-03-26,SAVA,Buy,4.130000114440918
2020-03-26,CMLS,Buy,5.46999979019165
2020-03-26,TBIO,Sell,10.25
2020-03-26,GNLN,Sell,2.5
2020-03-26,ROKU,Sell,89.75
2020-03-26,AVGR,Sell,0.4749999940395355
2020-03-26,SNDL,Sell,1.0499999523162842
2020-03-27,CMLS,Sell,4.619999885559082
2020-03-27,TSLA,Buy,514.3599853515625
2020-03-27,SAVA,Buy,4.260000228881836
2020-03-27,AVGR,Buy,0.4600000083446502
2020-03-27,PDD,Buy,35.31999969482422
2020-03-27,TBIO,Buy,10.8100004196167
2020-03-27,GNLN,Sell,2.1600000858306885
2020-03-27,ROKU,Sell,87.44999694824219
2020-03-27,SNDL,Sell,1.0399999618530271
2020-03-27,DOCU,Sell,82.56999969482422
2020-03-30,GNLN,Sell,1.9800000190734863
2020-03-30,CMLS,Sell,5.130000114440918
2020-03-30,TSLA,Buy,502.1300048828125
2020-03-30,SNDL,Buy,0.949999988079071
2020-03-30,SAVA,Buy,4.039999961853027
2020-03-30,DOCU,Buy,88.13999938964844
2020-03-30,ROKU,Buy,89.61000061035156
2020-03-30,AVGR,Sell,0.4390000104904175
2020-03-30,TBIO,Sell,11.479999542236328
2020-03-30,PDD,Sell,35.630001068115234
2020-03-31,TBIO,Sell,9.970000267028809
2020-03-31,CMLS,Sell,5.420000076293945
2020-03-31,ROKU,Sell,87.4800033569336
2020-03-31,TSLA,Buy,524.0
2020-03-31,AVGR,Buy,0.4149999916553497
2020-03-31,DOCU,Buy,92.4000015258789
2020-03-31,SAVA,Buy,4.110000133514404
2020-03-31,GNLN,Buy,1.7200000286102295
2020-03-31,SNDL,Sell,0.6399999856948853
2020-03-31,PDD,Sell,36.02999877929688
2020-04-01,DOCU,Sell,92.08999633789062
2020-04-01,GNLN,Sell,1.5449999570846558
2020-04-01,PDD,Sell,35.900001525878906
2020-04-01,SNDL,Sell,0.5699999928474426
2020-04-01,CMLS,Sell,4.75
2020-04-01,SAVA,Sell,4.210000038146973
2020-04-01,TBIO,Sell,8.329999923706055
2020-04-01,TSLA,Buy,481.55999755859375
2020-04-01,ROKU,Buy,82.41999816894531
2020-04-01,AVGR,Buy,0.4180000126361847
